sim_nr,ψ_E,μ1,κ_upper,ω,ϵ,α_cp,p_f
5626,0.08840501772678198,0.3529497584686837,0.03619251584716953,0.9708811469429267,0.044500356388969896,0.8279502020829004,0.31268850023806677
5627,0.07216316165302568,0.3173509058337981,0.030846088958672274,0.6738823899116229,0.0999117527210946,0.4000868724842467,0.9766016229756151
5628,0.05254713790327814,0.02988621645989191,0.013991086183372293,0.6052586117891162,0.09711646302631466,0.8177892924709329,0.06979301018084191
5629,0.048548493855011865,0.24000404818170276,0.024624744711699283,0.2581221303924378,0.06949993517349,0.4920442278245571,0.18939897541343836
5630,0.01907991714561055,0.08407883562507412,0.017247692148346993,0.7585966248619842,0.002036807811521771,0.42671565012053203,0.4452162108322318
5631,0.03592271586160872,0.4164136700045351,0.031398485512352296,0.3163155240762694,0.06337129873643961,0.9333215756475978,0.6097928874327363
5632,0.09323636116761194,0.16095511802101517,0.043143593822195445,0.08693564640743238,0.07063303026403295,0.9604349786900435,0.7628084058233986
5633,0.06885568076027161,0.005417944169813784,0.01531129578288448,0.7289166154653597,0.053788960769997375,0.49302072266114283,0.8615400580360579
5634,0.04630342339844669,0.03976214600953889,0.0448009031992678,0.8270328141191093,0.06184663742574064,0.4514560488059675,0.9832412579025246
5635,0.010114051595187995,0.26702165703268993,0.038171280829384355,0.3706409187067405,0.0644002795164779,0.5280293426531347,0.03372365263926913
5636,0.05532386771278428,0.1185988456848335,0.0027494222069104537,0.05191786600032209,0.042661443798540255,0.5369123690801094,0.8175218921660565
5637,0.05241821328128607,0.38656301858316666,0.025112313810729616,0.649161261374107,0.09729550487414149,0.7103237924031622,0.6173169769859769
5638,0.03881233337557818,0.12198114819870602,0.037454599415155165,0.017516772309868853,0.043491891125004095,0.9010902061805387,0.4093464452937791
5639,0.00021754518081205034,0.4320261436644407,0.027815262507659134,0.24122671125168962,0.09459711889694507,0.9490135582212353,0.04737612994290266
5640,0.013855466632660294,0.047428023257657596,0.034836181077631714,0.10847782013916289,0.01888169829723505,0.9746378786272684,0.9271889730828272
5641,0.02737904355602221,0.10475613681254416,0.02133487956576681,0.6122914825238103,0.04606440760960767,0.7793498228263328,0.7481252753849174
5642,0.0980435017334362,0.4271921671141539,0.0012471283280481625,0.7304497822024355,0.013810955852361279,0.4649777893374875,0.7732609324636944
5643,0.02174398084003332,0.2547164826578944,0.048358458556946704,0.6641109423409681,0.045380118280835983,0.8210344600875865,0.3230602891120043
5644,0.08039206276157547,0.16238619546694097,0.036685633360615894,0.5026780628229351,0.07723484793881197,0.40755181132580826,0.3686793287313401
5645,0.06453291400908866,0.3942540613297332,0.003939829367395087,0.9405699553338424,0.05429381080218444,0.5502309590027707,0.5418052096315904
5646,0.004227717043547192,0.4557658177529057,0.02935344056586501,0.4516665518173283,0.09900246661378573,0.8646303946870435,0.3415761677321058
5647,0.07207180905495969,0.445729054570839,0.04882080095581859,0.5830192550984952,0.01225454637904862,0.7231263558297605,0.5217481123066979
5648,0.00765792596530006,0.47061302744848643,0.040040648472318946,0.2565350008973655,0.027918424928721375,0.5196637575976473,0.9789840925953757
5649,0.04840027523633861,0.27962469980468757,0.017460618448269294,0.31724326905668887,0.07077223574482662,0.8823614723103657,0.795822696203331
5650,0.037764561778558664,0.20728203002657214,0.04783893594031663,0.7110377333581243,0.06813134830493865,0.6635722907240489,0.6815238739232578
5651,0.025298956515106847,0.3416120474101946,0.006209948997949796,0.95882852854796,0.07943348950964549,0.5782853955656209,0.44794857992658516
5652,0.02861935774419739,0.3388376264479259,0.028262514864860457,0.6614774935196911,0.06236154808563202,0.4125307644481515,0.7824926684391725
5653,0.029067633387992276,0.251683840451665,0.03049111461401078,0.8592439630489289,0.09067182867526881,0.8224575711151323,0.45585402807020237
5654,0.003983933134350966,0.15705238667174337,0.030571616935695923,0.9048263223141634,0.04078045979506662,0.5326420259242843,0.8370929888830431
5655,0.06854236069676915,0.27654653702954196,0.04359276284726383,0.13562821886576598,0.007735856924691201,0.527282719088417,0.7117389906817925
5656,0.08239001514472775,0.03566548390091433,0.005011451321779258,0.7398949523523657,0.08561551659331189,0.8587240597873012,0.8521198282254286
5657,0.011673589932279791,0.48511610341156136,0.032912556923736506,0.4756797942458739,0.051408669444454706,0.41157653972677966,0.6771054451909312
5658,0.012484822300462961,0.28521231091764665,0.006111400854698166,0.4039589674667192,0.037817108033124956,0.5493322330475091,0.6592240092677008
5659,0.09207519204684536,0.06950893396204531,0.01660666103183316,0.2319872645819381,0.0804080821006186,0.9594267213066473,0.6571464095906704
5660,0.009953521154623135,0.43788836598213976,0.013050506177064112,0.5516242437422448,0.009251633782604012,0.9737141921030287,0.27704230693350823
5661,0.07726755153686314,0.0440434386174166,0.01801984093883941,0.1487409000785468,0.0926619859594707,0.8052921733202156,0.5004420221099024
5662,0.05910533286713633,0.14898644640632772,0.009360600218100402,0.40658222853740295,0.03370596040357747,0.6414980462630294,0.9853547516858469
5663,0.09775747841829956,0.20560602915133558,0.024474157168273475,0.34486805149616884,0.0002994418312827654,0.7312191893710873,0.40256874955005617
5664,0.015977867593112746,0.0734603902394966,0.04506544314414735,0.2614129879755146,0.031023773466113343,0.6303477986074242,0.19575852618663903
5665,0.04252368842306982,0.29121091924568043,0.0005073164450963649,0.9682188033090604,0.07547756482959922,0.4445754539197461,0.4600361347158484
5666,0.0762274951539696,0.12532375693320602,0.0025993752214745476,0.2652455378259038,0.012633296192086061,0.8691210769456428,0.20444897177513044
5667,0.07153309556072827,0.19605530161986495,0.031274763170526965,0.1101596865288347,0.006943276647604097,0.845603660800496,0.8626023811938096
5668,0.023029967408482226,0.2125504117729703,0.044346701764074674,0.4027832777541675,0.07806109741199602,0.6534712761192631,0.8328271019603654
5669,0.031541348120720174,0.020456286851674544,0.020583107791763637,0.8159594852482653,0.025298967664075953,0.48798921147925317,0.4439466232582643
5670,0.08818508911175128,0.1818627687673302,0.03861406950454518,0.37829938085213255,0.011853774568303896,0.9865818442294869,0.5337567342049064
5671,0.04501291259122792,0.22420899481819592,0.027450921394245154,0.3378683861247266,0.00866581440222846,0.8020418203058515,0.15664330817764063
5672,0.049115259728690436,0.44923267450501564,0.04452681938370057,0.9639376916172847,0.03272608631556224,0.9418743517433071,0.5106609012868575
5673,0.079911302611065,0.3920416575890752,0.04850936040090303,0.3815165686979261,0.014902709460614161,0.8423068927101545,0.9933342419937062
5674,0.008433522571442266,0.07061804887291431,0.0342362969498689,0.8390076781023951,0.018837282950957462,0.7529950668749519,0.32925590683106726
5675,0.06550674955228099,0.33634069282818196,0.02662414032090661,0.7628415386724567,0.08027945604229048,0.5322789758810307,0.3252504030967588
5676,0.06830757149431803,0.13047228393738752,0.041491912452175095,0.39212742866247147,0.030387415463833757,0.40917779128451215,0.8260667124619405
5677,0.05621235164390512,0.14689993167437215,0.01604463388561515,0.7934795418092501,0.042019807055884886,0.422938477867484,0.6431273031830227
5678,0.0156993383723478,0.12999166407181378,0.036472078099056296,0.567484889607695,0.07130211167223242,0.5124328075552814,0.13869498196442856
5679,0.040031551398786225,0.1457758489878416,0.04078263201799115,0.6982562386902568,0.08339764115057127,0.7564448992396697,0.623425688658356
5680,0.04921346407092181,0.2822356030484429,0.031465802039964734,0.03537210740319029,0.09476080831505455,0.4747333295294569,0.38729048189775994
5681,0.0004719086033471494,0.36003676232710896,0.0037600819440997617,0.3128866409190732,0.06556018967886161,0.42345970491518614,0.6699182166998354
5682,0.03687481287682371,0.1360523343890518,0.022629499081448328,0.8890867206967478,0.059102863114421936,0.8374205244827722,0.29879552011335664
5683,0.0775773063941311,0.16461955936131886,0.007691222319292708,0.26911418525666986,0.05785411591565255,0.8539103952059707,0.44872477562170887
5684,0.010596792030162698,0.3691813889105919,0.010007068796424774,0.9847385719700058,0.08200274111425075,0.7263481415741565,0.5976382931919676
5685,0.06271091333094296,0.4171976819329847,0.021758788908139527,0.6012876207335094,0.009705201808299679,0.6892401748278596,0.21018845131940012
5686,0.03229229653890532,0.20381140242674015,0.0028445928731141387,0.7805553585907613,0.032574361164846126,0.9039018604711607,0.9393907966691669
5687,0.09392094685472287,0.4911383727216695,0.04675124299800959,0.16194876836625002,0.09689245311375863,0.9318566608596647,0.8768361085926379
5688,0.05809864932303668,0.33501531544595275,0.0331564469544496,0.3044695831122874,0.09952117656628844,0.6284938703543804,0.335671969809414
5689,0.06164301488933038,0.027839702681421597,0.012317902727993922,0.7995725333642074,0.06406039970641451,0.5524649877040366,0.4969322706587035
5690,0.04711824884518559,0.011214901181602396,0.010879836911076,0.13799339204730032,0.051899776022719925,0.8960218063175331,0.24709714596178706
5691,0.019377240961926088,0.10813990855271306,0.0005671067527252304,0.20506244426319942,0.03704576900352025,0.605884324840351,0.4266810955480746
5692,0.044671418077530674,0.4415727624792914,0.047092374447040466,0.8673577724869809,0.02881485411609143,0.6109045805776386,0.7664814595655113
5693,0.061087802023739826,0.09680815418200188,0.04595113575191913,0.9468735708827133,0.09923004205059338,0.6466166233026844,0.8712397665194274
5694,0.04534160259491157,0.1101672137461419,0.022995322028833035,0.18308272029663367,0.011493101487890987,0.45476586714065914,0.02206805752850583
5695,0.09193576047722625,0.37548175539308104,0.032756657899826305,0.8481246246989763,0.08483253760199404,0.6265958081440856,0.21983749726690008
5696,0.03096046441446733,0.1750307236650682,0.018646108448842524,0.5536311947063334,0.020410412323053198,0.6093748715513396,0.6196549845353726
5697,0.07846666087843303,0.3812456761433612,0.044912226148563515,0.6398398956910282,0.02599155147843645,0.7059453308924222,0.3893932183966879
5698,0.0647445715927211,0.1031462863151034,0.001693116878194306,0.672559168250707,0.07257244481496232,0.4400733345362277,0.6957077452756885
5699,0.05498399667972468,0.10557166238120747,0.036147294035850104,0.6104465404525001,0.07184506058318928,0.5658445671507399,0.2118562500089045
5700,0.07654554925234511,0.02330497925164502,0.030047291561042872,0.48911366841304554,0.038776460230372206,0.9046482123253471,0.7349251558035453
5701,0.08003539106762095,0.03852688379583222,0.01468123628790307,0.19342099439461727,0.09301124987749762,0.7496639037252129,0.37317083802351564
5702,0.03651569640118527,0.0002569235568731809,0.018313717738741332,0.2932106011852497,0.06622273662652475,0.5227491123376146,0.4867641121480206
5703,0.08762837084646277,0.44642392624793975,0.045432172832741057,0.9282437468117729,0.021445052876748933,0.8602031629169664,0.6973189459000396
5704,0.09716438925464786,0.38496272509696033,0.038483805990906866,0.2854656610678315,0.026926165040228975,0.9941949897186132,0.184193636484569
5705,0.09249660158140992,0.45926570160638164,0.004404073262567614,0.7064487798763487,0.0314664193587008,0.62187270415954,0.6836652192824477
5706,0.004030998159788438,0.058925215873222636,0.015483641239008437,0.43105978576042764,0.06111312326233836,0.9631545751630697,0.8902260130168097
5707,0.06041361329715089,0.1931997490464438,0.03733997123407679,0.665698906925496,0.06685112813186904,0.700767529450925,0.31044880305135664
5708,0.07607162951244584,0.39095295136966374,0.028320564564450142,0.6910760069489502,0.08289083083705223,0.5136180068741145,0.858630611001634
5709,0.04581161305408918,0.3159491223251484,0.03075540388522038,0.805743840974763,0.012146803711186906,0.9283658244057492,0.029629402727178435
5710,0.027225024369614173,0.18936921223948341,0.012033416127719111,0.998086641162153,0.016677653738411295,0.5014767275739827,0.9056154520562281
5711,0.04062719102155603,0.1981447422042551,0.011259615727184804,0.8996187652136685,0.024206175571261902,0.6973344197099456,0.5041815830421643
5712,0.07789103559740576,0.07231154155101414,0.01502347529270668,0.0656836009311864,0.033557203948709445,0.9116400364143484,0.8891592707172875
5713,0.016151636481821156,0.17974686682684674,0.019889825174747466,0.6255086903872918,0.02265596740712642,0.8861063994607685,0.0838714557982171
5714,0.07253719367779454,0.44251762275146855,0.024045292916017175,0.9858466146497064,0.0152954191978004,0.6854833703455444,0.07784976761722749
5715,0.09630103919396439,0.3784414640254393,0.023354935089041948,0.7266765882114049,0.036662215995871474,0.9886898397201224,0.11469029508659938
5716,0.07496454847386734,0.008735125968419084,0.01772556217431009,0.6694808603021691,0.0952121708605223,0.9655235466859506,0.6784559090719716
5717,0.04892654737891857,0.1663038821273701,0.01644265618322984,0.9660282313796017,0.024622338948519725,0.5647652803555694,0.7849234433526479
5718,0.05555338050099733,0.3664514142599585,0.026366368519309187,0.2143242021746165,0.05352271405808138,0.5790178994028807,0.588353974423844
5719,0.04693027471819572,0.394411084248496,0.02278129678119731,0.7196121373604376,0.013573192983225554,0.7393165594335734,0.10967128060097202
5720,0.0981135738392948,0.04937087724130328,0.00932335267690245,0.2417360316564331,0.07320938716396577,0.6487871246996044,0.23741040676677394
5721,0.02630702806704706,0.4514809784787396,0.01677831190765189,0.5436330131839834,0.06755008354942917,0.7219093865458217,0.49481213737361895
5722,0.08467781423228976,0.43744477997956555,0.0032570860243323406,0.9804185636349068,0.047056618895776905,0.41446630425334524,0.23583389359007273
5723,0.05369829486064829,0.11051128067914909,0.005296177090120629,0.8083873721364825,0.04875546749731981,0.46304446111280473,0.2560154881418679
5724,0.07546110454680637,0.15008584134130656,0.046426176999286306,0.3630284693277391,0.07483526129221212,0.43541692436807716,0.997866745684311
5725,0.09947775634246014,0.4067116203695314,0.014727598883710306,0.025302511754607158,0.07964876754629206,0.6281172595130843,0.5154531503556254
5726,0.06526321694004206,0.07747847487632283,0.026873338833206906,0.8804320143738742,0.0785518510061602,0.7185213545545999,0.7216092484723811
5727,0.00802637858444271,0.36870703446529624,0.020491827172021845,0.9906213833253789,0.08782679149277817,0.672214832458965,0.10478018282919487
5728,0.07021183783879638,0.20159790258502558,0.02518035082808198,0.1706284562281527,0.09556135994123581,0.8410071163230701,0.7241865637730691
5729,0.004547662810351999,0.3725536254156038,0.012191934981898161,0.7262582429025152,0.026722620814371684,0.6250827113842927,0.37246221385770206
5730,0.0958870888466302,0.18832721588218848,0.03568954086008182,0.8788605186929148,0.05165311817178893,0.714182234286699,0.02717375147449303
5731,0.06299970295609188,0.2731559042983237,0.028011219291664714,0.18687123143562603,0.04397496956265403,0.4764595358120127,0.04032114845127126
5732,0.0036082492375660927,0.43506632936226713,0.036725026121840615,0.9244575002118524,0.011571788608461538,0.5029042881804858,0.7998486076642451
5733,0.056955693796036204,0.4918129107240501,0.041217186131798075,0.9022402803809461,0.03690670144691118,0.7481946710782827,0.13412940224583464
5734,0.06678432609603589,0.3278104933180503,0.0048133172600573,0.5795610548102893,0.023163079276095826,0.5376488727529576,0.9219263445851571
5735,0.001685043882964485,0.4360157441463366,0.011668440525882756,0.25563999340190874,0.08765923182257589,0.7373409311259653,0.2541667348922252
5736,0.002933133464644936,0.006705725373429112,0.004091710227053762,0.4437260392876811,0.06280880590797458,0.7505052479499608,0.43956619879936143
5737,0.06364870884469413,0.16034054089238167,0.03872717698418612,0.9573602133093536,0.09348777537855757,0.9299921327718809,0.714284480896301
5738,0.06401377122821596,0.21893472571646225,0.03340952609378419,0.030162295150908337,0.08310945925239331,0.7041114387123286,0.7802015929056977
5739,0.08328693367622998,0.3298715279681903,0.04906959632851714,0.027824496866629068,0.027148498289022382,0.6672438540256398,0.19743540002759558
5740,0.03268862487494137,0.47485792026086904,0.0059042332848072525,0.8971848524507515,0.04440178458060118,0.4782993314310074,0.9650265203966437
5741,0.027773907456208724,0.32681374219795795,0.021647375038145438,0.11660292722755157,0.03561977639821801,0.6900275429653777,0.5406390169512559
5742,0.0813790017172778,0.23377859367844372,0.043601516516165575,0.7885213275925875,0.0216632967963872,0.6132980084188322,0.07212444446382704
5743,0.017472657509443712,0.4273223027260684,0.02436099898496204,0.641218899269473,0.026300730059643052,0.5157814359034679,0.17623853975538
5744,0.05600806275578149,0.3072891808065058,0.024548945914490194,0.06037224538542097,0.08923328142472994,0.4865013101977164,0.4237912624028192
5745,0.04295426998732513,0.41047561346125966,0.021174714598404344,0.09899941386596763,0.0774195398576978,0.5024749591485458,0.08028303013315845
5746,0.053349458379419235,0.4809508537552777,0.02497278962935246,0.8983965203809303,0.05372381198979324,0.6167121286030073,0.8996563024812348
5747,0.02917110822655519,0.46868363499826293,0.026425774245552154,0.43569026349561885,0.09235553129697546,0.45959466950474637,0.6704073357038058
5748,0.009248570034997029,0.05483413679027622,0.043273767854222184,0.7655433434938764,0.0677075374370593,0.9072178986933255,0.9386825128906887
5749,0.09287131553588385,0.34804935550923344,0.03784075966728751,0.4562335027344611,0.09089228462275288,0.8093400986696947,0.4078598534844767
5750,0.04661649930037112,0.20477851628081026,0.046364671929514045,0.41310011083209464,0.001148543416025301,0.7027633394765727,0.024966355534465336
5751,0.041304576178623625,0.47809941976791787,0.027682681734875914,0.7349715494760785,0.07228896569947937,0.4560033934038704,0.14799650546241572
5752,0.07326114352376338,0.106962424973817,0.04186199019807857,0.9066913115227094,0.05521437218319541,0.7385986365927973,0.22129008479848222
5753,0.06650818847023002,0.3339318484560924,0.00966703044035532,0.5195063308356468,0.07394876231957175,0.4901800537452527,0.30990040582860084
5754,0.07421587301029244,0.18570545069547656,0.0064110201520272084,0.23600831016575022,0.03319331605056318,0.6442127058063267,0.1598141396970112
5755,0.06429670902450368,0.13343671077205144,0.03527716405085809,0.12336763529225764,0.03807690990234721,0.9998877234750907,0.5427021747282889
5756,0.09524176048170475,0.046693413724760165,0.047935647780150095,0.8758885882300032,0.049190478662502764,0.5755467339970397,0.7207478633040161
5757,0.08418603201331121,0.08984682537171486,0.04650590543935799,0.5329318473528547,0.0493072064216065,0.416707995327232,0.3594525098114618
5758,0.034151623515311334,0.08076421226456225,0.03631528282886563,0.5249086797352723,0.019220538842860707,0.621680500900399,0.2929051046610995
5759,0.08185828610103812,0.15922436417972038,0.02211407662937106,0.8466812115065073,0.007190436781660945,0.8706301048303424,0.119346526960088
5760,0.05740649239617725,0.08780528746017076,0.028770905446521073,0.33099701321455616,0.0693642521130781,0.8785965001503219,0.9527423940918214
5761,0.054612120952846344,0.33130389146654105,0.04404213351462177,0.4251776453835719,0.01829898876747808,0.6877426613203298,0.48429753233834544
5762,0.025782714750592208,0.2773778608614908,0.00919872639246139,0.08440246343192032,0.06912173489935879,0.7767032577336825,0.5551173632018105
5763,0.03868177719477656,0.014309331637247166,0.04803888645723831,0.8854191799533615,0.06317638725532163,0.5664097114625432,0.5731703069419994
5764,0.0314390109878056,0.07405022524009242,0.046947303546110236,0.17252331229811407,0.034607359339088664,0.8147987682951536,0.4748730033595155
5765,0.09779580258745764,0.2755689873821918,0.02359334257467509,0.48987458448590443,0.07556252913268623,0.7544430983380881,0.3832284164216085
5766,0.005721391168973432,0.4501709526630253,0.023919986503871615,0.8064730923407119,0.0147691855118998,0.9354966853440073,0.5647604982061134
5767,0.020008849998044843,0.3150942925025055,0.03977077715621031,0.02332674192897304,0.09862289676808605,0.5547410804150384,0.3621593488835461
5768,0.003077603371298307,0.34004736546690145,0.04213676831144457,0.5644015715468056,0.03595257619314975,0.861035257426477,0.5019097122489369
5769,0.014672549402719715,0.2285457092999991,0.0015777840749098102,0.2975663727015018,0.007878631304924614,0.6995800191338364,0.814138283815008
5770,0.006996608194238802,0.143908235536676,0.018351957860406953,0.6152209477712888,0.057118149199735846,0.7853857920582504,0.8110598137989861
5771,0.0897367208226146,0.2501267764553667,0.04036166189450932,0.045187127994367644,0.052055291298790086,0.8162058358869249,0.6667250680226315
5772,0.05201410480837004,0.12146913210381406,0.045771607406746934,0.8589734800865392,0.050607689556501224,0.46818882221560953,0.03295196747816347
5773,0.0574654275578159,0.08277922108210152,0.004644950062424352,0.7602832347438558,0.0730725434019039,0.9964256457607807,0.27175218114150346
5774,0.08642074802978839,0.2094349308008033,0.04548569053420513,0.5076554435436983,0.045468704021067056,0.9472308792664565,0.3679473718209375
5775,0.036146253652335876,0.09824266686805253,0.022190544175144728,0.6043714731126604,0.07242083564342666,0.8219841043375496,0.9646145486103378
5776,0.007875337551149168,0.055339852822916896,0.04938941178242273,0.8670939368522192,0.09973352220038556,0.8790826435392569,0.20221661207936642
5777,0.04069380162265356,0.21421884446499212,0.03936292938553391,0.7497670565150765,0.006702417921781903,0.7308822381303439,0.737511246639098
5778,0.04985996787047194,0.3828071235295561,0.012679577007256594,0.07966495455858674,0.04242229097189604,0.7776697246435649,0.8644681026633437
5779,0.08863044163293798,0.031147862297775084,0.017604072351144417,0.9428307934553275,0.011109197129852035,0.9636298724859957,0.33417618764984597
5780,0.0296242947233299,0.37836487666071,0.018195021313414116,0.8501653684946446,0.042991644735012324,0.7487543591246735,0.7530764880667694
5781,0.08667664119403998,0.10045404360633074,0.0008192162754490229,0.793775738309028,0.07762616355129921,0.7991478574253614,0.22304560561240463
5782,0.011066895367245734,0.03367562055175488,0.00680913304967311,0.9354316125905494,0.03642851917046537,0.838361412397,0.8418155459787152
5783,0.028856506443797045,0.2787796851713458,0.030991928203993987,0.42786433256993706,0.00644249548686297,0.6920074653566186,0.6915341162848433
5784,0.06280451345379139,0.2947460793391655,0.00996110731524091,0.5852071874013683,0.07685489518703958,0.869692800581914,0.34334388505455854
5785,0.003816759828626483,0.08371425285650118,9.323817781293596e-5,0.5440161148076033,0.07519022933449597,0.4173366378116529,0.4812488822743932
5786,0.02177969046145523,0.41989063041291763,0.02918108687166839,0.9329498196160432,0.023466953327165453,0.7300273316209631,0.5321741645527528
5787,0.02843086181308337,0.40912164471627316,0.015235156550987151,0.8746187217017889,0.09753915638338012,0.9519390305804235,0.6127139419567119
5788,0.0975084601211362,0.269048366689011,0.0031208385231245445,0.4096308453655213,0.02186953092146175,0.6508709813593545,0.21599618735278367
5789,0.028715702072350087,0.3226889268441313,0.04874974217928793,0.411469724701067,0.010872571999950141,0.43243032588652625,0.7322182305296888
5790,0.09449901856510935,0.4507496319877292,0.015959798514983792,0.7217498952323631,0.07141011949920534,0.8437528614388194,0.360071493401442
5791,0.04454980422402821,0.4979122503795836,0.012338560935345579,0.9540283604476645,0.04845765148178885,0.6928346120814883,0.9075709168368743
5792,0.0019094572228388427,0.24769262267712658,0.01703737237322903,0.36554753312912597,0.09259196883864286,0.604096513474165,0.3496560193767934
5793,0.0649024706382217,0.22325511148179195,0.004179704538399002,0.10261201263012681,0.0028313649937345966,0.7016897822507941,0.7612638905269918
5794,0.09605050766266787,0.15373067057511436,0.0020043458189913685,0.2889332002305733,0.08176728092704101,0.782344537630806,0.29120217187367714
5795,0.026709046527939567,0.010881363627234934,0.048282105873752736,0.07300606424271866,0.08171767778279991,0.9011937674346557,0.11220151175141925
5796,0.03936312373523305,0.25655667767489365,0.01932517553497487,0.7132725393820758,0.04574136621446439,0.4288799204713401,0.027618816009604058
5797,0.0265296996927072,0.4760476154949947,0.032609444950246466,0.32373104486159643,0.035309026355653854,0.40404244646850235,0.03785003308041712
5798,0.05425502363619196,0.05726445332327804,0.027908886881549334,0.3960211256247508,0.01661324947841931,0.8769964873206276,0.9416350604160503
5799,0.08951361443361311,0.1706807417483644,0.03249860902406619,0.784255242343911,0.09086673936709543,0.9646843445840384,0.5123681795734562
5800,0.051498422279887414,0.3627188007610186,0.028448116018667726,0.47704309813839574,0.09839616583042489,0.8360820711769424,0.42071996614795026
5801,0.07837671766378865,0.40186537571778763,0.008404390195699501,0.0027359871203969186,0.019432718205174393,0.9404547092305728,0.8537182232110159
5802,0.09072573866080506,0.18548319548041076,0.008891943611005005,0.9810266728334758,0.05941596900845323,0.5875655316289949,0.9049601709886687
5803,0.0680295807979578,0.2569822903010233,0.042992051752470554,0.4172664969591143,0.044936953958374146,0.7532821129521381,0.42787791721990154
5804,0.05962111687972208,0.17724694004222952,0.019708462998551408,0.23965961387634574,0.0009620220271797223,0.8243904475169019,0.43100510197798386
5805,0.07670801718404088,0.1675164982200229,0.013620573587619573,0.8625106873161512,0.006120460687400662,0.5984382375069466,0.0941318912967164
5806,0.0009588130680844172,0.1766402652711214,0.006977174559221157,0.9277104900359907,0.08421278630980267,0.937041453991028,0.24278082648230337
5807,0.07297146469191663,0.3178697393890447,0.03753501599986337,0.7522954635885939,0.0044130708209331225,0.9811796319199833,0.5863403746653878
5808,0.002199906832035191,0.47370253813222396,0.0025505213518261204,0.3146554287981852,0.02300390762014312,0.5039210195082131,0.6036221750728649
5809,0.012119968474309708,0.2521358246936832,0.017186749679666043,0.35788980996173547,0.03939216012742647,0.47079705813331335,0.17810427780310817
5810,0.0742852505216708,0.1584795577346398,0.010761335529628081,0.21021397096257902,0.024788654762872904,0.5685430437117869,0.10005679068388086
5811,0.06695282693456883,0.33357140737946595,0.02098025775108884,0.2516289784150923,0.040639408656901375,0.9541532460935459,0.4115104720128008
5812,0.05174309787456776,0.15297256304826287,0.029113781513358635,0.8821152649392385,0.08441274007319945,0.7789484998009282,0.7909729921773427
5813,0.016768333781161476,0.004141741195973992,0.028193417917158865,0.6260335620114312,0.09048203831564246,0.6064231015373976,0.23457097233667537
5814,0.041487403055627606,0.028626772065165732,0.04338678918563002,0.8526694755702511,0.01305994287259934,0.864856647888964,0.493284131597754
5815,0.002328314727001674,0.3728143535409982,0.017784970364082813,0.11984239721174283,0.0045978866483798704,0.5943700584530885,0.8003025236260439
5816,0.05476532936299303,0.24084777824311132,0.028495302658041816,0.0810698211791379,0.01641942719406843,0.6077566008117037,0.9792455539797593
5817,0.01141640093489755,0.13159408128082314,0.03237383347790577,0.4868135729399026,0.0400749806071246,0.9444659704480809,0.11837577995731813
5818,0.0954101491443271,0.38367612367953646,0.012720539821452707,0.7075898851190732,0.0666237078608185,0.5306498807880806,0.8124849557753795
5819,0.03174904530688394,0.28145008932115395,0.03358984621485024,0.8418807456797506,0.03282601589054334,0.6364506859949693,0.6520805373684044
5820,0.01028325301416217,0.4247547733147187,0.037702944552482194,0.3215780394798208,0.029397656434663983,0.977595029046466,0.8682089692109406
5821,0.008769766898437855,0.35796198003549906,0.04922712129558539,0.02051479186645783,0.0745293983120993,0.5075483705499009,0.47345346854047304
5822,0.06445917928388957,0.02605110037969912,0.049649100338002336,0.46387041828420345,0.01011781741679695,0.6576452620810388,0.17461562803415764
5823,0.09638752736260481,0.4147139451577436,0.02741699282292814,0.01356201936646853,0.09616814810005439,0.7885078362255269,0.39238485966358044
5824,0.008308158247591466,0.0941662715486709,0.031171939436187693,0.4641274216782735,0.058465048589885875,0.8902534688776045,0.5554558802426027
5825,0.05579734807232944,0.05607034848010794,0.021457874474244243,0.9720073842028424,0.05863179249263953,0.4206467861331229,0.9031864714483645
5826,0.0613469105258525,0.2430755469380743,0.024233292846860238,0.13978146653848736,0.00568443955687638,0.662619448575118,0.06843367561349332
5827,0.017906839332400077,0.05937355097717086,0.02793191586455833,0.7673768979597984,0.076767208274528,0.8197317599078353,0.7553611510254248
5828,0.023788651562563906,0.134693531254845,0.04294362057526774,0.7749855348657348,0.03509660988151731,0.7340794865454239,0.08185908995666512
5829,0.05902036745510434,0.1173445625334602,0.0006645753849020446,0.7361555363263156,0.0054702782714279655,0.6455897879995646,0.5625483842056054
5830,0.07583277599389322,0.31031382631647664,0.03296020224228138,0.5876735020580298,0.04131473950859042,0.7572261467633088,0.005299105703378194
5831,0.06968600242952254,0.11837310015679903,0.013200601634122455,0.920800598666876,0.0612653656996176,0.9124998955440857,0.7900030738520414
5832,0.01102069075445812,0.461258934663813,0.02595017334183384,0.051199443954101795,0.06869335942472621,0.6774378308514643,0.3982283141838378
5833,0.04226137117656752,0.3611581262745214,0.045175162932196776,0.8010291987578863,0.02643307292088136,0.5632410199714768,0.5843656951008938
5834,0.04272152813371481,0.07792001231391875,0.026120317429701195,0.13384544666441728,0.046769723367323386,0.8944898675854356,0.5680832039259145
5835,0.01641823605351701,0.12725648377165327,0.04809888593724041,0.03449132845904986,0.05473946009749118,0.6231222107264279,0.4852802110061456
5836,0.0811094484621971,0.26011027886637533,0.029260137005410004,0.142970439517989,0.08656503712274881,0.5437413921640236,0.02337866083001235
5837,0.07704537081567688,0.19533721057064915,0.03911473852702525,0.939095272237035,0.009027797797710105,0.6199005799198759,0.2955144702641655
5838,0.020992713567118786,0.4180783353677707,0.025689325298601032,0.4345942193113289,0.08262998405896771,0.9021085804144667,0.4359158949382179
5839,0.01956445840982879,0.4154205821573066,0.02430822950654024,0.527612154463759,0.06998860705866354,0.7466303795680365,0.1652545081750442
5840,0.07070741608972402,0.1228598587364135,0.019173305370972796,0.15564965632116737,0.0846257970393235,0.9206580557558284,0.5715089448124459
5841,0.048302584180856804,0.23626995596569278,0.01046068892784438,0.717752934792809,0.0008574476276709332,0.9150308009430163,0.042294878443897524
5842,0.0829172731689071,0.33264208751521956,0.01490786166148439,0.7411379063587935,0.07926227150708576,0.7815476565526718,0.3846200271648604
5843,0.06844651051850954,0.4045849613587902,0.03186513254884413,0.37748924385772353,0.04229132384612642,0.7665632979994765,0.3997848998540352
5844,0.07642135592312742,0.04114614307893064,0.04026307238110967,0.6083102923093988,0.04158555571765852,0.5766952470756641,0.3643519248839464
5845,0.09038113873036663,0.09206461968070069,0.022666984010541933,0.3216148536533698,0.032265614587677384,0.8832985903490351,0.3002995656376697
5846,0.019278036783863098,0.2195076541200664,0.01319977847991623,0.01013013026779843,0.017781042172436565,0.46135538970748347,0.5662471677079544
5847,0.06731931531555749,0.3512073838550618,0.007676415074714997,0.3794421959607035,0.006832710443152809,0.7684692959532243,0.3560805696702057
5848,0.0033064272716585106,0.3197854469866305,0.04703353817889162,0.8020412070503087,0.09148396209372005,0.6015986912488617,0.8860912690333542
5849,0.037352394737805585,0.012697943476775497,0.017341073314523812,0.2598722480631166,0.014180761872191222,0.5799072398001344,0.2968677965696502
5850,0.06575527498838402,0.17535133001552644,0.04274961156729418,0.5367893113321676,0.06649427193704281,0.4952343226283095,0.11625860019973012
5851,0.09183152120025045,0.005907722519598152,0.010287469565187052,0.7516335410018612,0.0031731088031695083,0.8993433228815166,0.9591333903124132
5852,0.024749060622991148,0.3570840247403175,0.04310945601766632,0.20352186814871193,0.0716223417586465,0.8106300275205245,0.5062095339029069
5853,0.005940453332185505,0.1339892432160804,0.0355516400003156,0.4838639514341896,0.005305768720129331,0.582453667442229,0.5994982175279369
5854,0.0860623243505197,0.19174428465095034,0.027653253040894138,0.4511256051574185,0.012444767923582357,0.6321844199833566,0.2598592158044321
5855,0.06499338588818782,0.1234757156054847,0.010920824529749358,0.12922276819159095,0.08888267500405095,0.5445986577786508,0.4906116904629199
5856,0.05801096933298271,0.46250870834426994,0.023387795469170886,0.5932647268506296,0.033394501242820465,0.6544204414280246,0.30734505410686475
5857,0.06900786037834604,0.06967537471473151,0.0381178033982106,0.5698275822532923,0.06133438380673936,0.5544811182881041,0.34503849863476616
5858,0.030001858304360626,0.49736105096581457,0.04969787727153124,0.1649007760934652,0.035826108152917355,0.74163709136428,0.11185919268307601
5859,0.007155079090953547,0.40157077691460574,0.015048898896018285,0.6320572687731326,0.06038072841454881,0.5868513703610594,0.8247667620251714
5860,0.047715297064930745,0.18797039507450927,0.04929035231667844,0.9898464717689971,0.08993803623520788,0.6406592069979689,0.9100906648079954
5861,0.08619696566608159,0.17786515415615764,0.03265747864133008,0.40907407251511174,0.0684004840705626,0.4015212041196459,0.7261607156614623
5862,0.0024257307751027937,0.18335111101035043,0.0151330384822808,0.2444782869482964,0.032070100153001976,0.8971092118500918,0.5143352558301247
5863,0.04516037653631236,0.11629882534679364,0.007459353995511882,0.2731853827254264,0.027452045682919243,0.43318542065523663,0.18123666569730995
5864,0.030624564976314092,0.06825682463459447,0.02393706953279186,0.39885575732082934,0.08009517242317667,0.6190348808740537,0.6855365360621364
5865,0.06083196568906161,0.05231905970117855,0.03402030999577032,0.7457263886466758,0.02442609143161069,0.7130557593446729,0.35130323119252027
5866,0.014019021961790685,0.2698564735309857,0.001040408768507594,0.9508786004742,0.04503448759846882,0.5117528052542536,0.0516050665027961
5867,0.09463842953217919,0.2901090242036613,0.01620696841007544,0.6706538354985361,0.06487053775041439,0.5861509380939157,0.6673563017853543
5868,0.010804058759491048,0.46527065654576355,0.04743689565314221,0.7715012284221239,0.0371665470591726,0.9497946211379242,0.7406693186053963
5869,0.048772107356105626,0.22246626894838736,0.04463532176945333,0.3890572602862773,0.06050831563604214,0.7190492784145348,0.1312934423094589
5870,0.01827401881863554,0.388512812129647,0.030123839403179233,0.12152049276409593,0.09642478192242766,0.5805944641006967,0.14656638310675252
5871,0.024980946185371555,0.2836005145871758,0.01048620704194423,0.4327890489921831,0.055179924562349485,0.8348644203511727,0.5211931179263676
5872,0.01478648099469504,0.025260213476490666,0.016696578716410893,0.3026188828891942,0.07346563890164494,0.5203787506305778,0.4349287873474004
5873,0.023430017876909383,0.3131748735254822,0.036023454662470436,0.4985256104941047,0.07663426055268305,0.4491639206012581,0.09482853405235082
5874,0.046849116149444765,0.38563203796323936,0.01462265882192371,0.35289039333145134,0.01045289361809713,0.855302231594521,0.13974707065693584
5875,0.05974675049490581,0.3435797339794001,0.011957519825109066,0.8181952774176764,0.07380376125375226,0.7924933800972065,0.31935435018801217
5876,0.02115264821333813,0.3447250167448929,0.004296328267971172,0.2530762829523501,0.06902747162528813,0.6379862907687912,0.21285980700359677
5877,0.08194356656195828,0.4435301806782548,0.006524489473671554,0.43766212820366207,0.007281820080856908,0.5816881457532419,0.18058258070428027
5878,0.07112858192187695,0.24456130674040916,0.040204517732983426,0.43900646663627285,0.08852068952004391,0.9923733318598785,0.32680123147815743
5879,0.022414279023968087,0.30124110084457484,0.0333071646184158,0.7782843664416474,0.0033527686718442824,0.7051955869013844,0.4652107433147028
5880,0.017151533964900857,0.2276546517619651,0.018753055091623363,0.9679148458651713,0.08254954439309041,0.639812245529434,0.17144057831176998
5881,0.004821716064317966,0.1648920299022091,0.04716979534176718,0.20825873778412293,0.017445916182855126,0.5708656486932316,0.5601330220992835
5882,0.022333255832780965,0.1283511030834607,0.011767319393761059,0.1536019033516039,0.06377756524827675,0.5578197805776859,0.5917275655330916
5883,0.026139811196569603,0.0029328756368695846,0.031057112166812853,0.786539649617891,0.09181701876179041,0.5911595875746934,0.5898874229303418
5884,0.09328389837473186,0.1813539842191757,0.03839405114205627,0.1890841461196512,0.09801273356711082,0.8426073347807563,0.9567909437308703
5885,0.08539235299187165,0.026602388422759953,0.014225491214637918,0.6178882586726961,0.08879335440586783,0.7461686453222235,0.8753208661820907
5886,0.02714586892322318,0.43849162876737047,0.018460501518967967,0.7547296883067108,0.05072113287351729,0.6033897684253088,0.6635547173515042
5887,0.057679410585993955,0.3352461994782659,0.029646271303431816,0.47319930072845545,0.0005543464605892644,0.48286352143954947,0.9254364503826075
5888,0.022048717788891038,0.47286172818159583,0.03471886764446588,0.0710392574876212,0.05745653871045408,0.8780567989326266,0.46362141676082136
5889,0.07584074037090535,0.23228884001781644,0.007763743471710047,0.8290198472603723,0.055442125303353365,0.88953225110684,0.31551522996224246
5890,0.07455877547475293,0.45622869516007875,0.014530233547454158,0.3730508406570528,0.04722267336913305,0.8839840184042983,0.8502897273862462
5891,0.08070996534414983,0.34991626151404104,0.046877832523752064,0.09320825914175003,0.055648282624877345,0.7420406009086241,0.4037400919505308
5892,0.005596249055427659,0.1088610563306532,0.03281438578732253,0.1171557604177927,0.06064586446020222,0.6518172164036453,0.6290180581000064
5893,0.08629461920458173,0.07460440158159597,0.019457916094990337,0.7003105267741111,0.0016021121076295432,0.7450632479192203,0.6470796503874926
5894,0.09071574792318945,0.30917763962989,0.024957288156321207,0.16447653794056177,0.008219187646244309,0.40816768432942474,0.2441687037316687
5895,0.03441645936599039,0.26185197719833725,0.01708532967905159,0.10664723130722693,0.08072418579731461,0.4252209852292754,0.2187310447867041
5896,0.008910518687322885,0.018847862476150223,0.0030639462128195767,0.8407463438842133,0.085314513201827,0.7597386431276896,0.4665231358029919
5897,0.06794201363586987,0.4203762294279879,0.004519153624853555,0.011639943407881399,0.020899728967366443,0.43928579888932695,0.5760772769520897
5898,0.05852933934048049,0.40546405955901593,0.011904031310747415,0.5532342643983388,0.037482721718182316,0.6692143475529603,0.4880466520170119
5899,0.08380153973553309,0.46347983294418993,0.043860023973553965,0.47882995228177216,0.015150423076843781,0.85602943482157,0.7019389123954702
5900,0.03979333249531815,0.021692330333391213,0.01172238753782715,0.49143126458076725,0.0626201990503303,0.6642789875112229,0.4403852565247842
5901,0.06320119731377784,0.28050432145199233,0.009563159922820719,0.08549590242927604,0.07863166903687493,0.9346932718102322,0.7069787251743893
5902,0.02785730537662442,0.2711271691720676,0.005394530606258947,0.9097429358025236,0.014447967988407653,0.6807626558406588,0.23286721463470386
5903,0.012942654024422025,0.2885897829606608,0.015591171284396169,0.783332389852012,0.06532332610238349,0.4862600300246538,0.0853890769567516
5904,0.08927975593592237,0.22188555059179374,0.04619987472926382,0.2459715921318546,0.09615731634287018,0.825966918016758,0.7432824746258887
5905,0.0601871868586186,0.29812515418115243,0.020118371699816662,0.675946979639867,0.058954954855633804,0.6609552668893006,0.19316775730154917
5906,0.08451504611349486,0.47147353356665916,0.0390343790441843,0.7954319281849169,0.01767426317681557,0.9234218818247284,0.40598243046225224
5907,0.09359922882964211,0.2869293758052435,0.00785781523656367,0.11508465318694841,0.04901500431116643,0.45344549590214217,0.14968710921408995
5908,0.09144047168036,0.09935947425054524,0.049780226982588015,0.458567404178804,0.05323898899181574,0.5216227460167564,0.751811429084425
5909,0.015028458771342942,0.29577913740413153,0.03632302380221775,0.03858926966943104,0.07040359214574407,0.6566054663731375,0.5966953050091691
5910,0.05405931707811831,0.28730050625627795,0.01742349558448453,0.4489557369575539,0.028077959674167985,0.47962607092462767,0.22700175869851172
5911,0.0530647937464481,0.1482190783186335,0.03413857681000113,0.7097168438458209,0.09386625307920776,0.9987243865186287,0.1539110197387521
5912,0.03023981001743843,0.3552370472881988,0.03231266174530459,0.21696829928465003,0.0972677873983025,0.5469307592625746,0.8310023616126813
5913,0.036976514974655345,0.2942099993701291,0.047231365466279804,0.19696301472591551,0.06730942073510723,0.7345170661083662,0.5704971219730246
5914,0.0005750671223715739,0.09851106243921703,0.01349316367080514,0.1507221029099584,0.08149059135468084,0.4098430577044652,0.48184701997684143
5915,0.024499604693712082,0.07573797504531242,0.011152754414770018,0.6540714050714302,0.022549898216186002,0.9463256708502216,0.9815351579562867
5916,0.08586018629463904,0.45893834664918015,0.006916343147941144,0.8540351924565349,0.04334076047227798,0.7977234974991733,0.32340213395412204
5917,0.02358635880277091,0.13794979026913592,0.012095092095160395,0.828401196529862,0.05178434983521747,0.4423427163588224,0.8865008771861445
5918,0.054496982278676366,0.2206409948356209,0.041758233514509295,0.2116018988294788,0.046334552148021874,0.6143345396063935,0.5275261972341265
5919,0.04561187229372557,0.10114927599945149,0.023750909898507325,0.721129739835849,0.09775176790429814,0.9760561648253396,0.37771441198361055
5920,0.07917545216474925,0.321488689408745,0.045588275019792956,0.7017986816958249,0.022179033692431287,0.5977500109164169,0.5521938524536498
5921,0.06637407524552796,0.12060178996591638,0.008058667034698522,0.7973974425738313,0.08218654566646973,0.4801006468080039,0.5442191216406927
5922,0.0034991968469050873,0.3773514935694807,0.04096548267576118,0.5173823316400596,0.013644338692531486,0.9621035102391666,0.011096120770609924
5923,0.034295096449378774,0.43933067365824663,0.0017724082371856223,0.3084880456375507,0.028971885910882372,0.9432669556896465,0.27394456036857545
5924,0.06157574462412076,0.10338880721641391,0.01481315901661346,0.2680914821152978,0.03170405449859013,0.9144733315376934,0.0025988950342029533
5925,0.02691451528449364,0.21540897914519824,0.03986399182574437,0.9162837466614501,0.03185970943278325,0.6701175176442015,0.5309800399859205
5926,0.044277441278436386,0.15110070395299272,0.04817980057041231,0.6687001015039581,0.08499785252814122,0.9668965403774724,0.22460641084037766
5927,0.05105600254380265,0.4578490055341971,0.03930493690199919,0.8351838220172467,0.024875043594429824,0.89197384983771,0.07559582001559968
5928,0.038383083300272514,0.26288502580809386,0.003915899488934399,0.14231257141487977,0.04691276118079918,0.7204945568876513,0.6880689062587475
5929,0.05386955911045891,0.4898035180183395,0.0113735264329695,0.6162723008221317,0.03996498447063801,0.5243649314105392,0.04935929763609995
5930,0.03238810164215921,0.07621505915107833,0.04764325020918762,0.5115312316975711,0.08226856603729468,0.9850591828035353,0.7157728271345468
5931,0.06601146126534618,0.3205738263649137,0.02310765482990608,0.28642016691862865,0.07571878680682666,0.47491525405311086,0.7120166855091676
5932,0.05291499026378933,0.43300375119858736,0.044223775346366706,0.2342524103102191,0.02782164663693374,0.9461428800597259,0.4108992566894631
5933,0.044138448665933104,0.04526974806512563,0.03503963521458368,0.4860968651846632,0.0967914179989299,0.7930568681167829,0.23947104722883159
5934,0.08280832086375613,0.1868477455671652,0.01569957525220004,0.2811246414449996,0.030155699109158815,0.5727683279245774,0.7183829789172204
5935,0.045583612062592524,0.4248350204090705,0.009211978439654668,0.06957634508406305,0.05458400436526735,0.7634301994608099,0.8803299319897832
5936,0.07881444384576308,0.30305235169977196,0.01342177989366991,0.03747395108152685,0.06708665513874407,0.9054441972270374,0.30503171452730005
5937,0.06943321375948601,0.34746722887537146,0.013708933394542586,0.6825948002180322,0.06961243864935776,0.6764390571374891,0.6548907707215592
5938,0.09559756116954331,0.06384205171487053,0.023121308606789143,0.5284537680336779,6.785384642911366e-5,0.5936547022264239,0.9678167457563986
5939,0.0675090649441441,0.4696007471244482,0.03926725925309512,0.5497356531463877,0.02842321757449455,0.5836232393075654,0.5250428441497442
5940,0.06706085663006438,0.09348217177240409,0.018617205207259912,0.22184186208877746,0.03956028088817595,0.6328381941203044,0.261900694986357
5941,0.018042087529828738,0.1802516254264885,0.02094129100316161,0.7028425804612618,0.06857103396553672,0.5059265826289991,0.41308140054661363
5942,0.03582712446484423,0.23465313239287694,0.04282119139972702,0.6785107555117452,0.09416529255744206,0.7840766367742129,0.16105947797035894
5943,0.08679172833830462,0.19460774301705688,0.042284485566433834,0.37590014721821263,0.07637103080513688,0.6120624558122487,0.057633220401895814
5944,0.024202552963974566,0.49404466382290163,0.0339175525752115,0.4227302803835816,0.05400256179547041,0.787098331432611,0.8557830763100381
5945,0.05070948120959447,0.29055502416230505,0.049867703667210134,0.57379511118544,0.017068472074242124,0.4656746718547676,0.957047653840522
5946,0.059259544799215684,0.3007484423398922,0.01015958074797799,0.6133942409214,0.0037630915852073393,0.47373193416484954,0.9150584218672617
5947,0.0020243040098855947,0.11968090376320706,0.008528069727971273,0.11236814752626344,0.03609367171009949,0.7245679750869609,0.20923200243932816
5948,0.03400361249576235,0.4447108851127022,0.03154541759237645,0.5377121315356777,0.00857845930921419,0.8669993501898923,0.6391331989152471
5949,0.06951829368853317,0.04031143381298296,0.0253230182563369,0.6209987589028672,0.08361623771912938,0.5486244244886784,0.8695010298206122
5950,0.08442309754008988,0.4131746152476898,0.02953467241520278,0.2992340304145055,0.04609947576805735,0.617125095637889,0.6502185125655943
5951,0.0794421170289714,0.22652966581627493,0.04901002133630712,0.649608898039286,0.02059900004829761,0.419333518016805,0.30218561001988764
5952,0.036334725774772834,0.4211321431274648,0.035041606251480076,0.47089127141249193,0.030785045414905683,0.4849255503044826,0.08976140447109553
5953,0.021588107231626737,0.19702065161611962,0.01068250568459009,0.5005875050579649,0.0759746337303174,0.9357901528683411,0.7199244703853533
5954,0.061130098499695064,0.1906482549645995,0.020071702094771108,0.3456202681827567,0.09657325175866215,0.47132001981208804,0.1073662413594943
5955,0.05876982862222692,0.02473488917160662,0.027556423602264447,0.08877473652507226,0.01100966572946032,0.42869622140054214,0.4781617802188438
5956,0.08222009227079592,0.2863848981328129,0.03223860413894929,0.8726935168244417,0.037343116319415705,0.9694496504689922,0.6930551886863133
5957,0.08095584031528649,0.38042078085497644,0.002202637210228286,0.15022890012700332,0.06586087066917017,0.8856702139381036,0.24932499984922737
5958,0.0012556851822811874,0.3187135237144438,0.020640658012382945,0.12564422845435833,0.013439703993010439,0.8122046285320828,0.16162339359526445
5959,0.022594244442733127,0.478889819226533,0.03682978022810403,0.2262973955100687,0.09034249056798517,0.4460592176403485,0.6277733280615002
5960,0.005005915814519444,0.3070521123563905,0.022948052606356743,0.0041058377496718396,0.06194254669011804,0.6264891740711664,0.17348027255450518
5961,0.04621316119475205,0.19222451674081262,0.022524701151897128,0.3493051740186337,0.07886779314923993,0.4213693007673384,0.17102317454608026
5962,0.022155550875037355,0.4534703868027259,0.025617897099560978,0.8652105638724555,0.011260134510059333,0.6740830583426822,0.7495439566402773
5963,0.03961145513494584,0.4800043688146187,0.00555877207602728,0.29489450036063514,0.08381361432878646,0.8742935574394368,0.7339189286008562
5964,0.08526595170199774,0.4884663891435261,0.0001638658009884099,0.5911921077205909,0.056354782850067855,0.7240851530011884,0.9910422492587608
5965,0.00945142541671901,0.25849103076044655,0.01020605254729711,0.23792018555245836,0.0030354717391076766,0.6591016055157521,0.5826156225578182
5966,0.03468544926112215,0.4798209805806053,0.0018440322404545805,0.562235688971546,0.025466476381894282,0.9858480236527846,0.8447857493546735
5967,0.019787220565745545,0.23943971680207382,0.039707873393992565,0.7760097017393557,0.09205781407859731,0.9293449860394146,0.8093194277795924
5968,0.09304374212752808,0.4455463423712191,0.03095049111326626,0.0822541896832199,0.007560889249652258,0.8885259250606348,0.9370043180017971
5969,0.08241458575305183,0.40843972689818947,0.026012634512884065,0.9941615066851723,0.04885276683026641,0.9405413503551165,0.19370618386892235
5970,0.049517106552838086,0.050248743877605744,0.04890366892174828,0.956196868608118,0.03484148276767226,0.769633028115704,0.35214506480730867
5971,0.038228598065451994,0.018348464174634208,0.04730112426670252,0.30201962343504163,0.03812803567134441,0.9243589996350633,0.6351093988711276
5972,0.03029351273157172,0.48888634394770397,0.02545679362725107,0.695178048255809,0.04860678650817625,0.6045578114384378,0.7077666690017497
5973,0.09218300354779091,0.05126821837126327,0.03962009777102392,0.962546029129213,0.08121992985604012,0.766940503671631,0.9945971402991547
5974,0.01771858606956379,0.4116392887836584,0.043686762160322926,0.8218109014956213,0.05249949907951928,0.5071813951049473,0.16433159634972705
5975,6.260673797807272e-5,0.33094848611304994,0.00863626331027975,0.732623515641788,0.012954960018648246,0.7128619264114733,0.6738167912339587
5976,0.0013357487841014115,0.4867723616137805,0.027251602086362833,0.04781620370121954,0.05978650548529301,0.9165006588409789,0.4616672867211466
5977,0.009341669205524828,0.013458867019574368,0.004352819969515152,0.8099019823000233,0.014570880724751739,0.9097185892922224,0.7655021611852624
5978,0.047860654678673765,0.38422095199351497,0.03954148549528625,0.07435709507174647,0.040249579237005124,0.44153070115964266,0.6728718614580369
5979,0.0966849945718453,0.26365582118791847,0.007582428372204653,0.2914913613853299,0.07984587018686978,0.9549998066428842,0.006595449913293629
5980,0.06667484061474585,0.3248003569388155,0.022292144331160658,0.058428876457929574,0.02384607008881912,0.8678015960216654,0.34792276026301405
5981,0.02551317030334125,0.16387443547884678,0.041777653587195165,0.7900893793817624,0.007405474456699185,0.5766370960551529,0.9307285351415124
5982,0.09488123278893722,0.3292464966387291,0.03450994440613236,0.6835572340359789,0.07285123240065043,0.9840792232252945,0.8595642284351057
5983,0.022758081463447724,0.11452591541888538,0.024095646347112643,0.5573602259593697,0.031051303145588738,0.4054969759367931,0.6616760119535329
5984,0.08057762867348225,0.39544411945351415,0.02695966029276713,0.17331984185020424,0.021313771219364758,0.8909432876342991,0.621281664681538
5985,0.06220716939924681,0.1790559267833307,0.002360646208024429,0.1303624998612892,0.09340515976721724,0.4944964286420881,0.5090330043717641
5986,0.023282598845060423,0.0382925564126294,0.007285248008469166,0.772940402713787,0.0017842055155061938,0.5529327327611027,0.8226804339406484
5987,0.02397780891212677,0.007703908158522939,0.04252136123954822,0.5770641991819799,0.0984721909796078,0.6940681750311855,0.5670931794528731
5988,0.07560884405178435,0.32607873827404105,0.04378405872570559,0.1818449355806052,0.07825641010098423,0.7627593690158871,0.47584305203918636
5989,0.014357529434357136,0.13581627858464632,0.0369227745080585,0.5133158050995618,0.04412802491838807,0.711302442279562,0.12050616938411818
5990,0.09418240239734695,0.10786157811258204,0.034418817554754,0.34118580893887956,0.006072801256972731,0.8474519543804007,0.030846141177786477
5991,0.012185120260838565,0.32849414682366285,0.03740740813484971,0.0997566297659714,0.04109441804807029,0.8114668758187261,0.9962357855889211
5992,0.011893181737585938,0.2419398412023409,0.012568970387798332,0.07784030744036821,0.021120431610593755,0.6436113033405324,0.3550672007080669
5993,0.009000223952951218,0.39832751274971095,0.04996861775981026,0.9828647667661138,0.03629845960869973,0.42411910414622195,0.19063516469171285
5994,0.035188122763932995,0.06680959898834576,0.022366863162070455,0.6597246340821377,0.04979330680568078,0.6651337690086849,0.036212146577098994
5995,0.01172466513111979,0.4143536662036344,0.026170597311868972,0.5982156142426884,0.005093054174453347,0.8130050070580227,0.24555664219810702
5996,0.08121229814933854,0.16822866857725613,0.026974597926617074,0.4664604036516427,0.038255680329194866,0.839940255900457,0.9019286269752159
5997,0.08735335170777328,0.08677096272020014,0.007998098341158727,0.8929657490657084,0.05113862445060579,0.6777855741915041,0.9113215573282684
5998,0.09243619313134714,0.4659079682724443,0.028874908057932115,0.195895343059784,0.07710834058914937,0.6529141269398925,0.42106513348724967
5999,0.07381131194892936,0.10177478752095802,0.0065960814780875844,0.21826608747200757,0.06819645367072975,0.7273076750471243,0.5027284129936636
6000,0.0430463366525514,0.1991100561946272,0.003401547546174099,0.8359134209153857,0.04363039583628688,0.796738556233356,0.9514579178996176
6001,0.07798561097703643,0.19387276973552137,0.015636397980440978,0.7912462763512467,0.07611025246330805,0.45208438171077725,0.2888375658958039
6002,0.016302540846284398,0.34640782308355544,0.016910969381690157,0.21954750946036553,0.04213833371114007,0.6002757051784277,0.0925589305119073
6003,0.08991134397938395,0.31102660440763014,0.0040565990263328735,0.030671295562568934,0.056950860155996735,0.5053325965866851,0.0015780953105187425
6004,0.02987588922522403,0.4861627458606573,0.04070575078466197,0.6873538203351246,0.08909760888717919,0.6021611820095731,0.4376583456079707
6005,0.053459215761911406,0.49574922698478774,0.01284883088129882,0.19184295726097325,0.08086695518385283,0.9879989625633282,0.05019954434422955
6006,0.0786993836298246,0.46432211111760824,0.04861279230069307,0.02631837283023575,0.07425181062689767,0.7865470643229426,0.7027597947086522
6007,0.044857664259644874,0.3636455856699603,0.02713800026260943,0.630707572968972,0.05124918398236938,0.8509017782310739,0.1281337577783277
6008,0.0750791635934997,0.20527093554434536,0.029372441270308188,0.8610002263381044,0.060811819451879724,0.9895767347759834,0.8818000235475627
6009,0.05102858231182633,0.36752212715837007,0.04204684451643105,0.2976168519380208,0.055018095950256245,0.8238698688149617,0.8395723316836499
6010,0.0676421819014546,0.17393904392236262,0.023798998593971887,0.3864215201491589,0.02360815971889768,0.665973310285976,0.7288030767933265
6011,0.03918611960499521,0.1726337715406292,0.013523487215279562,0.4006544289199847,0.008957169120417373,0.6816317550959438,0.1071639329864264
6012,0.002769756948300702,0.47740004837241423,0.03782156228794349,0.4964017134441915,0.05593825298366654,0.5450572616426503,0.8749093123410272
6013,0.03715402357854345,0.3660730721869382,0.02655464779776494,0.09531835511844565,0.09488069503811786,0.8089359807626334,0.9178591342544238
6014,0.019952490279658498,0.4226205194276018,0.008296069206740616,0.394948949071381,0.03159600572478229,0.831169230747431,0.18294558533075309
6015,0.08894450228722162,0.4419927846444253,0.028136858390384125,0.6443261779642112,0.08055956982112576,0.477499813343526,0.2552531408249026
6016,0.04037778282927078,0.11243329737433519,0.0010205655674353827,0.9496770153698508,0.0916639854973935,0.7654310690996033,0.04446004211952645
6017,0.09160622631286303,0.1624945028546282,0.012507194506300962,0.3357133262258702,0.030408098505805004,0.7364337880114774,0.8348474887783827
6018,0.03997137411845451,0.2614322830682961,0.018119366795229047,0.8045033512397204,0.023734029732137354,0.8630598768930307,0.7861577555836728
6019,0.07484948731879293,0.38790054996067763,0.02136356368947651,0.9133268245684558,0.06701486323089527,0.994436841721389,0.7269522199531745
6020,0.047675086801455636,0.19028385267799608,0.03070742599486019,0.5892323394067073,0.0036101656939555617,0.44880808910341985,0.9426903199964499
6021,0.02447262226025729,0.29351088956112237,0.019070428672386466,0.167052562419546,0.054086361918436056,0.5149051216145988,0.7877501064751034
6022,0.021285952747660958,0.36501648302789863,0.03021632037220728,0.6350811915101706,0.020247813013064525,0.9575584270483264,0.23143439890500475
6023,0.051602758928643855,0.4476483261691871,0.0013973585176935916,0.5472469358685107,0.013136409560013291,0.47282941156178326,0.4427302895240097
6024,0.029537970914711328,0.2891970793475919,0.046292697251351114,0.222655786900029,0.057381107842187334,0.680284371441734,0.8144908912310833
6025,0.024923471706074937,0.3995073669511287,0.0336687065534389,0.4178820637397872,0.06629694981456388,0.5098157551470321,0.4536599199292588
6026,0.007511079599764788,0.39602036739518137,0.031834336324992434,0.42637920810675994,0.08274011142068605,0.6916289578137551,0.4240847685099315
6027,0.08741219679032831,0.41881233883583946,0.03657358435406958,0.7685935341811609,0.08790238197356012,0.8325072035738219,0.39502617254026784
6028,0.013412358402136518,0.14119730247636245,0.005496398162892141,0.40581151523114495,0.09882067806272732,0.5674549998955055,0.22952232890446103
6029,0.016842839666796824,0.1526965628936561,0.01439355780589933,0.7819059763483956,0.009927722683126841,0.7082238949091719,0.055727004461502
6030,0.05647315583398741,0.2682440687942482,0.019278576955800337,0.31916952962201506,0.05335751483079385,0.6126963874886826,0.09711795663173842
6031,0.08688190127104087,0.37652500374517656,0.008822475050999319,0.14576234199288501,0.044674837653063446,0.5893325804503152,0.8961536340263652
6032,0.09914180058558719,0.4073880308552091,0.008334784271572198,0.06500701898618377,0.0875126077828989,0.9267345538114744,0.91855493527038
6033,0.02831272643267337,0.30614162480691326,0.046128728931239905,0.42012438021089477,0.08676844542596242,0.49054541923250117,0.9458853400865349
6034,0.015042513036643407,0.04219450946536598,0.02896054115568619,0.49328340484970284,0.02518812309128259,0.6468046724467105,0.056185271982482334
6035,0.030845732445832125,0.20312877769207588,0.02728332718006803,0.7152610898104677,0.08325211059286573,0.6504092609340165,0.8455516058315683
6036,0.04217507157498693,0.0787546442751225,0.015826005365187787,0.9193961386406451,0.009831338715033895,0.4994825867712716,0.849424651258549
6037,0.05666552534466138,0.1447956339884062,0.028653959789033075,0.5953894252661518,0.07913895130882387,0.43801856383579907,0.3373899118494508
6038,0.06314483399737511,0.24631760980027761,0.03587599247812863,0.7439196331804715,0.08617701274900465,0.6959828629197454,0.2753891404473187
6039,0.07814383395127049,0.23328128602687498,0.00870482484760106,0.468690264447319,0.021100073490221603,0.8387914299606538,0.6132706798017641
6040,0.05946789556362928,0.3893642774166119,0.006692304864078399,0.38410566646074207,0.05824573379332154,0.773964487359087,0.2693013025196948
6041,0.058249936829552845,0.3543686085492533,0.0002413143699453503,0.2505947314440397,0.04762044315729777,0.8713681885670147,0.32017636500456864
6042,0.06923647732846147,0.34531373926190617,0.030317776709775375,0.5303160010093617,0.00841027923157262,0.9277226723363345,0.6650830206186967
6043,0.052242290836716644,0.126011552397779,0.04392209937885773,0.7560400076032683,0.035440737342622354,0.5396549924419409,0.7788862157902022
6044,0.015220614308797129,0.3137695296647919,0.04351752761219076,0.9311598124298073,0.06428004842920644,0.5186413637972261,0.3871800188961156
6045,0.018449756124760304,0.016920287973867677,0.038420336016021406,0.2660869732965813,0.05820577262625152,0.9826438692451717,0.9316567500444702
6046,0.0304263503683967,0.17308717973909107,0.04328954587675142,0.4742963980101537,0.08414491707768836,0.971182639785971,0.1433081699598766
6047,0.05323652001126242,0.03455897750486663,0.037932363993756754,0.48088951192730245,0.07970291379249317,0.893819648054794,0.3662453748887596
6048,0.013572402846048546,0.36170779523588187,0.020374609365175808,0.11159600344383991,0.06365137529866453,0.7274142431994559,0.9729964707722354
6049,0.03924947986613887,0.2070386020591217,0.011560460659226585,0.6881285236429471,0.0936684268107773,0.8871565816338289,0.2821355150732632
6050,0.015458453548445918,0.014986905413090263,0.039137758431036486,0.5240024313840121,0.019606246622384114,0.9102171685592133,0.9723367462391339
6051,0.027520596361316194,0.4721720212161702,0.003586965565124667,0.3971479950397729,0.0222505799681475,0.8488557135476764,0.6459167447805566
6052,0.006635961177102848,0.18276301849695883,0.031359365758170145,0.5780929121901186,0.0721136633814155,0.6988791800280458,0.4298445563589302
6053,0.04087330903345233,0.0019560421959602535,0.042392214274365146,0.34291145330674605,0.020145487593831876,0.849794143837478,0.3573389741235169
6054,0.08266593304253256,0.07920630084033459,0.01952027395221523,0.9033815067884856,0.0592552988614341,0.684532590390146,0.18783784033859985
6055,0.03304487493676666,0.24801046020325626,0.028918257990427826,0.5059796744204539,0.05581630043735702,0.5730427833518975,0.26616532040639723
6056,0.0658638897150297,0.16955094502600557,0.023640604142169883,0.35064226565777895,0.0869329422875193,0.79400007722586,0.37955125337740414
6057,0.006502467843445413,0.13958802525010275,0.04472588576164194,0.10430008490510556,0.06564384072145843,0.5563345787285531,0.5584636613007762
6058,0.018591559645405622,0.3221994666131184,0.04198680049203434,0.9777214473104708,0.08966706810180299,0.7321704709670784,0.8566329579816873
6059,0.09122429859281106,0.03240001828978145,0.02996585284079381,0.27531163597204966,0.03856906146813686,0.4814249904672352,0.9328620171458575
6060,0.0059047816818894,0.26725405357379006,0.03830708649886395,0.3394499865403122,0.018442269642626196,0.9377680319004477,0.6904589081259922
6061,0.03895678964141967,0.3562238805896588,0.013008258807361601,0.17829580050441046,0.03766785523585217,0.406012666819767,0.06393125171967723
6062,0.09426702594006443,0.3641120272174569,0.006311654288190072,0.8170525838897439,0.039130311306213444,0.5231478645190712,0.10305566783872773
6063,0.08550140523417604,0.09523036258999745,0.04770665923042666,0.415560001785877,0.049656223035789746,0.91324097704821,0.06711908576215102
6064,0.098917199736389,0.04245129642473282,0.04216858192680656,0.5325258457913757,0.08731859526623084,0.7609389199736012,0.33164807236282173
6065,0.050801848588775234,0.14490268987511926,0.005202541021125704,0.3689482647009903,0.09514011569505193,0.4840198970383696,0.4012886103053161
6066,0.046497038030007334,0.12403393562413262,0.04915120178145547,0.8707323342663112,0.003456670862509926,0.6358856801553086,0.2897535840707518
6067,0.07527042186698929,0.49235902021992023,0.010632605694650592,0.9952378937367262,0.009319856624712727,0.4937503239610628,0.7455817320752484
6068,0.08802812658274971,0.296924452889244,0.0022544866495149774,0.22489111639813192,0.016912294207304984,0.7072048909596356,0.6156073510161217
6069,0.02573694271950419,0.08874514131520095,0.011059966767389656,0.019082269379341342,0.0412075235577284,0.5959604948726523,0.09802390020548826
6070,0.08794997491932958,0.23047845688694735,0.004922447826067568,0.8905143273359037,0.046537370508211766,0.7902980902626984,0.8190724959488513
6071,0.08024719157654908,0.2389290695456625,0.03802467657543626,0.0007617154079230844,0.00241843586910649,0.5417793902276422,0.3149796429110958
6072,0.06063625401280161,0.4121591747753734,0.009513400089471234,0.6459551106023204,0.0741341775658511,0.9508453372918283,0.6404200487300405
6073,0.09926126913681747,0.2151701290789312,0.01591320940498499,0.9139921378397927,0.014352930649488518,0.9800408995941645,0.9875886972857113
6074,0.018745431255463296,0.35097382129050836,0.04109981680893495,0.5659424091472016,0.0007219523376873031,0.6883929222032459,0.9538361443979636
6075,0.07344171943798908,0.24489694639644335,0.02486642178547008,0.1842335795229459,0.06001987459752799,0.6339461444239609,0.45066940172780323
6076,0.025233421210320045,0.05785635980303112,0.034264842449260986,0.9929900984296824,0.06247285443142532,0.9161225962005288,0.8209463515066787
6077,0.049683603674382196,0.4485540597258736,0.024788744637182232,0.20741028138754863,0.061576000517006416,0.615749517415024,0.017909790780199653
6078,0.07935505696099142,0.3933837468445668,0.04052821819235992,0.5413157895779547,0.070350470689694,0.9567843551891093,0.14525371152066333
6079,0.09578641591709874,0.15156950325075366,0.02040385284295287,0.005090154291581513,0.03235340707976708,0.7897202116681881,0.26280514217803663
6080,0.04329584762749361,0.38167682223197935,0.022026114351832493,0.5042275664676442,0.06388639548643142,0.5289037515262452,0.9122330903093063
6081,0.03622749032462052,0.08560206960570121,0.014306133199351,0.015531020153130345,0.006284973132583627,0.8806928104829568,0.575427073159863
6082,0.005322182744634868,0.24697111029383614,0.034797744496228716,0.09200880255798886,0.05793777617581661,0.8981065690168122,0.0751050040626951
6083,0.03371034838632774,0.25076888365927436,0.03710150818363623,0.8700156618465715,0.05661290866586262,0.6954736090927569,0.5776016952406505
6084,0.05006525937470625,0.06310470112988134,0.02857792181499834,0.8382854864050702,0.019717911838419422,0.706312205460718,0.8362175511806125
6085,0.08308401634836331,0.18428159281008372,0.0016730033328729785,0.33431560532275956,0.004311293539745601,0.8050360716769629,0.15041385334973476
6086,0.029353096446911475,0.25316383579244645,0.0011432547227705075,0.46231170049241527,0.09105760545478343,0.5696822255347487,0.1421425065327611
6087,0.08709764023583629,0.05413182324338081,0.03951417946500847,0.246813662636415,0.07616518622716408,0.6614902832225105,0.06467797636156328
6088,0.037927977874429725,0.3718686482767645,0.008101801201404529,0.825458690593083,0.023254165008197943,0.8075146986590116,0.6990801595620977
6089,0.09273109835775394,0.13238641572880488,0.040916638208589366,0.09047609963176313,0.021970676256245894,0.818760676941713,0.928857615632618
6090,0.0551128254418927,0.35973691088230836,0.040849766970075495,0.062232167225692955,0.0864583498406028,0.9683921432938986,0.33942103611686364
6091,0.07690689374783488,0.3018112643460143,0.007257990592241444,0.042949543336993315,0.07338737375032232,0.5567247656479419,0.8464042628925068
6092,0.06774991748681179,0.4951441348742056,0.038807421560293605,0.7639544151098744,0.08812520832425758,0.9754728760268294,0.12530833654319487
6093,0.0840271865482882,0.4670069574220043,0.04245854921855443,0.2298877466128632,0.06798218241434073,0.9952397133143204,0.2062428660989135
6094,0.02602580798345396,0.1716023500102658,0.021779773030494776,0.5462512296994149,0.005194729278347076,0.6868566319530653,0.08950314228247841
6095,0.08155128246589433,0.30515912893755714,0.00044430197705076806,0.3066137854953737,0.028559177901020374,0.6731941070827243,0.46878338021953286
6096,0.020460760376009142,0.429566702485361,0.005072167337211175,0.7390278520822334,0.028207679754420442,0.43072243790173864,0.05313590108862882
6097,0.03197253940540525,0.14240175379178094,0.013341630497448163,0.27829555200510875,0.09222934663717267,0.538243678916078,0.2069147166380165
6098,0.024103612768061625,0.003575987303396624,0.03436192147218784,0.21563677177002505,0.0013035709251477123,0.41345593930664,0.5169439606679825
6099,0.057059738528327186,0.06042068050598002,0.049497165376109126,0.7698596547986798,0.01578442865713945,0.674649470455486,0.12349608824007761
6100,0.0599715568114232,0.4605793802833884,0.033226901293433524,0.5013549457772621,0.03128201656492649,0.830066613522517,0.6820182619528234
6101,0.07177931965110636,0.03653522673067972,0.03518911164344634,0.33177424246165477,0.04181106196670298,0.8336644501242068,0.5514692372185673
6102,0.0007864912360692937,0.3547434019534289,0.02991737883687289,0.2837293766597037,0.04804054487448537,0.4821205348584611,0.8288336513436292
6103,0.05655870579221172,0.2301592488117181,0.017565083309461323,0.5226133346398474,0.07891573925363178,0.9394987458851846,0.13576261875077264
6104,0.09486308543496036,0.39180939715556307,0.0190019686957285,0.31168161913688525,0.08139826229817883,0.5513949933964708,0.41794448610276014
6105,0.07764767556435459,0.4310130873448991,0.020830478043704394,0.35431549761572784,0.0015916052601406489,0.5592827910828239,0.32962878483908614
6106,0.03263778753787898,0.469513779191563,0.00900066222863976,0.5200510841057185,0.02579126871351807,0.8589757961285438,0.6591986057823835
6107,0.09862716812411283,0.37454217498549836,0.022875085640937612,0.8562588717821993,0.05271521678029219,0.8008031803253439,0.7722290660992611
6108,0.09054888165322025,0.14048241651236432,0.0036804168613130033,0.5349897022340944,0.07373270951560783,0.8450690374029042,0.8734352770850248
6109,0.020225187084849175,0.06615444710833786,0.0450246234549333,0.5149334311494244,0.054535421812969054,0.7709739538037813,0.451570021883602
6110,0.07083738508083381,0.4058051628756399,0.012432208770097689,0.6356234666437998,0.09905749673889075,0.6561358915203533,0.5352687985472643
6111,0.05036075619021701,0.3034229573735165,0.014412566382511842,0.6379162096126642,0.047915602064193,0.5609836458932519,0.649504684388374
6112,0.012650506540707145,0.09633725866942612,0.0027064652043430216,0.8327930824865536,0.02574066904677981,0.4374121482297776,0.33866779064055136
6113,0.04344509131978814,0.2739391994124959,0.02552692433403618,0.04011359746655659,0.07464803987197242,0.8358338844052633,0.020619643016017226
6114,0.03214661975656834,0.23552229489067958,0.035471073496821985,0.45438988824775817,0.04826380494559629,0.743569251923093,0.062045831146424306
6115,0.041898189165139654,0.43523622520918226,0.029760989242267635,0.4429275420310293,0.043710810978872666,0.5410000709373247,0.4145491275157854
6116,0.04396249317875634,0.25998561393998393,0.023480485489956224,0.9409670153368246,0.04092577714102379,0.7647619544200215,0.6069924032184847
6117,0.04943414169715207,0.4258746438293041,0.013811493256182045,0.13612298127097777,0.027568812976197943,0.40284253733814146,0.5570807639883052
6118,0.062341022755090375,0.01531014033387155,0.0015085669373279213,0.9455077797514808,0.011817596395836148,0.5843951764758996,0.5823079886229509
6119,0.0899830931913325,0.45471809038447336,0.04565125417073264,0.2320048500864906,0.04519992528894911,0.6838559860423374,0.7757274570056024
6120,0.03525180389182182,0.02306593767595523,0.01038010961559986,0.05759139695485854,0.07101730075565621,0.873778905245987,0.2840049853340377
6121,0.08341991613297106,0.422308771080684,0.026791921296117346,0.3295675931095624,0.03901642189541716,0.952556722846783,0.3058235925222386
6122,0.00441861398134149,0.22514873440460886,0.0254080263243419,0.6065358965811056,0.015981676889111514,0.7963481642473971,0.8195243766200699
6123,0.09118667632758432,0.36971898326686353,0.03767378595979335,0.9175607468488163,0.07014059687648953,0.8037875305589579,0.9610868975930101
6124,0.03668035047738669,0.048248409838120516,0.04659961764953653,0.9260656784244786,0.07110799442034667,0.9315797092359241,0.16853229590552693
6125,0.03340587128725313,0.32374287753085623,0.005603235029634707,0.8447350951240431,0.08584225854422092,0.9836028979641896,0.18690614840914557
6126,0.05857751069040924,0.06166798876031662,0.0034951516913496574,0.2796449209500017,0.041654758585415314,0.8545533319516645,0.9154683434804687
6127,0.004727267585585009,0.21137436167145474,0.019945796196561637,0.641995839993036,0.0838897741168913,0.9584638701482023,0.99926627860085
6128,0.05783805640652913,0.08231472566500099,0.016350500158430422,0.07548529442077344,0.02950295614007909,0.99117915694427,0.7707422525574922
6129,0.07731007332434377,0.16698154028364412,0.0013039485804758363,0.7232856135605376,0.07784084187530477,0.6977881063723461,0.6176997279727925
6130,0.06872145491215141,0.3122186599463713,0.037234960387014286,0.12197290661961915,0.09454456631229795,0.5954567041167516,0.4788273317449948
6131,0.08773223824016632,0.2581944671352075,0.009094829160032304,0.663019730929138,0.002657081314327861,0.799617447826444,0.19979480773746333
6132,0.02095160097864177,0.4405742801715165,0.02576767034175789,0.4300416721063068,0.089913068002882,0.9713915654135918,0.10231985717886134
6133,0.06368496672421887,0.23728988294868886,0.02945272166980344,0.05579696288145475,0.015381956738950804,0.9794761462880092,0.7769729033718269
6134,0.07130101971178897,0.42822238547141767,0.025853721921712175,0.6588888097111324,0.06519023684677724,0.41895591498285933,0.9244056595861144
6135,0.07196750906212578,0.08924406924254688,0.03577946137427147,0.20295426423746157,0.04043262227397784,0.7515136371660247,0.08649623008352277
6136,0.0703808554874797,0.11437032356376865,0.014143922840725996,0.7568524484880352,0.05096967275960638,0.9085174088658472,0.7422023090310751
6137,0.018118469197582317,0.08110179363225942,0.03717659465734054,0.6467278265001424,0.08521809307582982,0.6598748730144937,0.7970355265529893
6138,0.03850384592221123,0.11315324646375184,0.04531501450742193,0.6200718907222792,0.06454944074676482,0.8269077766462365,0.017111732695160562
6139,0.07043759930051958,0.037115180049221846,0.0446793503770138,0.2820628483408582,0.004892333674592132,0.6483801015199931,0.3031541900389591
6140,0.09827573111160384,0.0848359423318959,0.04586907958987858,0.3593026113128197,0.0039422572645766455,0.8289924986720241,0.53614075170008
6141,0.016505080526341,0.43031107160913873,0.0057719698391093385,0.5820694177089204,0.020715285420349575,0.9227517978038648,0.28496754931812274
6142,0.07965525986271577,0.2827561979768417,0.0036333592151353102,0.7145170858413299,0.05993676961884447,0.5740784926157219,0.9688596479611217
6143,0.09959615979766223,0.33822656151673836,0.04164854073023207,0.5598313347711411,0.09817438455764112,0.5346692669033922,0.5489673967631543
6144,0.06537829514863136,0.09167044979616477,0.03594497922750685,0.8229966386167363,0.08597999422451347,0.5264038569783451,0.7382749298119238
6145,0.026744510708460872,0.4030641244533462,0.011303718979468231,0.3727200944629104,0.009596785705634783,0.7806835394755782,0.9891858050986888
6146,0.008594954531949866,0.2181335261032129,0.04058294886023518,0.36388725385558635,0.08632617421186478,0.5468702712046678,0.7006064415386623
6147,0.017316337126485924,0.38991504041594854,0.044274004831368535,0.6852169576137868,0.04741732699806558,0.4107097975123001,0.687235348099768
6148,0.012423925797425038,0.4819601024692128,0.0029951624057938274,0.3478144255362242,0.019151670253825272,0.5884367935211724,0.7461821232003268
6149,0.03482351570381916,0.46753620133813595,0.00569141896732914,0.5153904884492972,0.0348870669154589,0.8174542153112845,0.2865516490579747
6150,0.054127247084747226,0.043703063341420594,0.008188550472853459,0.44497788311160774,0.0994071478239066,0.851584902151471,0.8982518362067438
6151,0.055974886359636294,0.4618487686823362,0.0196263796173725,0.5394434385294806,0.027262330759025684,0.44743208563113773,0.38172987422454296
6152,0.006315406412386787,0.12915831551713408,0.04525550691065939,0.4212980477545043,0.010269759263414877,0.608720367419384,0.28103861738987707
6153,0.07292501484925407,0.1546950717599428,0.011465075342084635,0.4944798259522545,0.08707385225325098,0.6421662893077476,0.12300464370399736
6154,0.06249033274216266,0.43400339548224554,0.01792263033607109,0.15905853607910053,0.07490670099100072,0.46176297817412487,0.6057284514830097
6155,0.07233405938147695,0.2556143604273348,0.012904795603783645,0.4607215929940861,0.010642736972479564,0.8576889992943836,0.26486279938402096
6156,0.08170970094389512,0.11596156940192631,0.042690103205724715,0.2495549825464962,0.015647245921799297,0.7285540550535002,0.5242682282074087
6157,0.07268728831475113,0.2650956678611298,0.04116492170153235,0.9322166836027047,0.06468780563470489,0.8524181191882872,0.2412446014378226
6158,0.031165844947283763,0.3521165973228138,0.00600569720019423,0.8205666998253164,0.016021320773918307,0.6788158908820588,0.9749557396409891
6159,0.06983626976245669,0.17033133014521168,0.03044882662268914,0.9603730519447258,0.002265100505100306,0.5991590421102191,0.04539577002878654
6160,0.06623999339702148,0.3393012117372038,0.03867226109561826,0.9761113987363562,0.018581047412097502,0.4697552169555253,0.8067157187732765
6161,0.09518013592691121,0.0014836991716344447,0.018883121891952723,0.5606382115316244,0.09195012136095528,0.4304189416330073,0.7574458338016843
6162,0.0014420751336834741,0.10592731569465527,0.01884495302173532,0.8840524642492992,0.029834828345073217,0.5920359074973863,0.2685986161126239
6163,0.043600106921762576,0.06527591568431625,0.02109042257927134,0.17490465397993066,0.029920978652192787,0.7728868721170679,0.7810471451683446
6164,0.051239473958673544,0.2256462257316889,0.03197543921537361,0.30982148303459706,0.04280153948454951,0.7911647883666978,0.2498057742493321
6165,0.09849102019404989,0.200193631740707,0.015367779822420513,0.19893933712155693,0.026658918028754093,0.5353642611270439,0.15215359394189312
6166,0.05545139261160469,0.021329607272886932,0.022435523305603472,0.7046600027399926,0.08939648491432844,0.8756637993785712,0.8274454765822212
6167,0.015592910645330442,0.20976166491135942,0.03488639224495284,0.2630243968044082,0.08946975958552982,0.4501687526967655,0.07845440007811129
6168,0.032896103108155786,0.3427113650569225,0.004791531400729131,0.8912020571955922,0.056282823984877856,0.7832584770932598,0.3963738995086728
6169,0.03770601751287745,0.379321334640858,0.002158035345037535,0.44032160890215283,0.0900941788898588,0.6830715538642379,0.5086052697259787
6170,0.04164702080666664,0.4037676826740072,0.0009261189342673868,0.290046182514414,0.022729066507998826,0.4887960322743352,0.7645029038350438
6171,0.03313517850396008,0.4990810304098038,0.02631315144444492,0.568516604918125,0.03932183294582428,0.8987993542901769,0.5186007335384637
6172,0.08899612600149426,0.14173302224115739,0.03531408787373355,0.1806694352341029,0.08829486624716869,0.8471610236779277,0.4581051137516349
6173,0.020593654763919313,0.40010861183247914,0.019780671914312882,0.3839061956558276,0.0003255166089620406,0.9727153509049552,0.8847874901978721
6174,0.01448279149073285,0.06746440421045319,0.04014650394151762,0.04448915688173018,0.004147597700167325,0.7687926679224063,0.13683210761352912
6175,0.0797963243514908,0.45437849314247686,0.031722283988136334,0.19504531317600918,0.07176502276954104,0.5001898654515758,0.37649402457860204
6176,0.04381278165417768,0.03132080382909765,0.005196545668276075,0.9880702736579242,0.08547579937200112,0.8062266931581925,0.6249102024036275
6177,0.0999979017592408,0.20841013376619436,0.005930773195076784,0.021009907444382962,0.09321923284548797,0.4572963638996601,0.7934675574930424
6178,0.012971305665186431,0.3375727221561192,0.001944206456473368,0.9375098468153891,0.025109016653501764,0.7756929110799049,0.03933434653828531
6179,0.051873404522452884,0.13872584820749875,0.0024322605860682012,0.6768900726333205,0.018044618083250308,0.9922884941190826,0.20006810415667187
6180,0.08873700826582899,0.43187123722836385,0.014056421574015042,0.7342334450332146,0.0529365975010194,0.7399432808802803,0.7052642121765245
6181,0.04106455229321744,0.21320736875848398,0.008737200319570352,0.6547065358133954,0.06887556248679355,0.6241774823464505,0.6004465296176825
6182,0.06387804953562527,0.4523034787805172,0.04958957846821199,0.6923103023554352,0.05302549333731837,0.9063165754001785,0.3459951982322187
6183,0.05022199857031465,0.2164674051374503,0.00972271173954755,0.7454101509205335,0.08839889536059005,0.5113501781549241,0.8414333819206046
6184,0.09009156129176786,0.49638059684922065,0.04845709121595584,0.3266882976385546,0.0659583331601704,0.7612996614724776,0.6093127222508393
6185,0.006773454853685541,0.1995502082270592,0.0033060226947215447,0.9730900977517783,0.05727592942534594,0.8617783510639844,0.9477585970808988
6186,0.01902208782656616,0.01664080669723581,0.0389581215893244,0.45469921146523345,0.09287365756249671,0.7582221737740678,0.015703858027020436
6187,0.0026135336330436617,0.3166602757936714,0.0474913994962976,0.6024174479933154,0.044182162609817326,0.5715808745199036,0.39060897322319443
6188,0.08484091098192975,0.15581281941786207,0.027081206477042288,0.2710457904643186,0.04307900119037812,0.5630824582102341,0.5949632891212912
6189,0.048099312466172925,0.37105644579934305,0.04040862924849503,0.6932087405034443,0.008106485453681879,0.5612914639190996,0.5802596494918593
6190,0.08354090400718635,0.24953484259048264,0.020753299635397314,0.16041291270831298,0.016285640874863207,0.9220157320410256,0.6026602249729849
6191,0.09730550025989021,0.26591347735223114,0.032063715125363566,0.9226968473791676,0.06983258379122544,0.46705209022834604,0.4923296851275396
6192,0.0606571232826735,0.3739600998964195,0.044114065291821436,0.9999190790625193,0.09127064479389338,0.9781417867161075,0.3170250045141
6193,0.04115645935895027,0.4838066800846306,0.0003742357581441073,0.05379510607259456,0.06175705449650191,0.7950389702457015,0.6362611258607861
6194,0.011233226518176216,0.237895857984901,0.030321675859899762,0.3610131897518167,0.050265588873908446,0.8138853700778348,0.8669401383538888
6195,0.09884114105072568,0.48240081012382396,0.04870448882981135,0.5091320032958877,0.026238295539858916,0.9681844165749596,0.9620130121286795
6196,0.0789542935202552,0.2745858888406633,0.020208027367091635,0.09675629670013455,0.05964698726549478,0.802258743143853,0.9870887383267033
6197,0.07329115231738113,0.1369532977470499,0.032420073220322906,0.5757947197887048,0.056658000735647744,0.6351844517732231,0.9206346250984049
6198,0.07402411876971816,0.4096071014550632,0.03563888263540838,0.6806220622375194,0.03440680130518819,0.44093614864895664,0.16690418895614922
6199,0.028100907390786273,0.2023669733053151,0.013900869425811797,0.15742478059160864,0.0022246469320740827,0.7208486166412161,0.5927595170559872
6200,0.052744360072098984,0.1472318544989373,0.041281734402981565,0.8122667182700507,0.05240514031775787,0.6679637848475095,0.8031899893937531
6201,0.013219021633593304,0.1577277532714929,0.03310170454356085,0.5561628187256809,0.0629198518788966,0.9979405963086461,0.9448711421617105
6202,0.09711860518693495,0.2844102674667482,0.04154590519953097,0.8554285854091549,0.07814729372789166,0.4466827816291779,0.7302663866418766
6203,0.007704426467321411,0.47594173467666934,0.011014497436958866,0.0075909788793191695,0.005798858358802516,0.46743610409534964,0.676395615114928
6204,0.009687924104844117,0.2781553012709163,0.03655408848644939,0.12666473062939276,0.004789672619340758,0.4273969122556787,0.6378618073569259
6205,0.047248456148967104,0.3241835036870187,0.04137275694468538,0.32623205336265215,0.038491846893364184,0.45927979958308746,0.7594313786141248
6206,0.010527648475479176,0.03317007448059999,0.023208343837352458,0.622519658053364,0.03415740536177652,0.7153729543520091,0.21656989979790564
6207,0.09103398022060441,0.02944567096731485,0.01790511386758456,0.5990593152504491,0.04581418917170546,0.44333448053713315,0.43309760706912676
6208,0.035025095970878814,0.29891315704734345,0.007134818263201663,0.048036302547129046,0.014072890985025042,0.5170398797785705,0.9347706857646452
6209,0.04440299439103264,0.39694520339219996,0.033996553006574705,0.9747986924610764,0.07268344519128787,0.7722636476729148,0.5480197720504159
6210,0.01414599595072088,0.07136818166103859,0.00741751786799216,0.6969364349938275,0.01986458102964155,0.5900818708618201,0.2280310962305316
6211,0.009819739772548543,0.3084509969582563,0.03214380968859895,0.657305485994185,0.033117218903993044,0.4984001435582369,0.060476878540816154
6212,0.006155843468599274,0.3587408199333054,0.04258198789326159,0.7472949601887459,0.049466316541127486,0.775233450254621,0.27938129404866086
6213,0.03554292099576913,0.05040637982635642,0.0316101095774045,0.0675562944832582,0.07753247530086613,0.8665075512078908,0.5387726588677094
6214,0.04196543795870786,0.2647181510870889,0.006379489774491102,0.13241463167585202,0.030565621434499587,0.509210728842559,0.8793457739713283
6215,0.06178135354474884,0.3412811353791533,0.007113148318089163,0.9474990104072007,0.029203862228423406,0.458467566830337,0.8045625544446064
6216,0.06002457422410099,0.09440348845394428,0.03368672278741389,0.5856347845946497,0.09571423366672693,0.8304634263467348,0.5281359405830004
6217,0.07001936521664379,0.34882876520543143,0.019415123903765222,0.6277375328507049,0.057745718963789244,0.5253870852350143,0.6307578427235963
6218,0.005147398519720625,0.4993916546290455,0.029731254679665066,0.8946872457096604,0.09788521151478832,0.4340696067524204,0.2514578911397945
6219,0.05726360362125521,0.39914767894097125,0.016871467736168325,0.1533788067189548,0.09393863797557651,0.631153616898205,0.4711200268125576
6220,0.07458857254485901,0.22151590058165443,0.0029340882197024425,0.6297563699736282,0.09431503913581986,0.7557555562910743,0.632312814345202
6221,0.01700853612059298,0.49321107671818054,0.021911061721393343,0.8307691967014371,0.06507160855746984,0.5338146968458343,0.9493801563273581
6222,0.035389912042810764,0.31128959251155036,0.004602821020747229,0.3566141716544884,0.08107412220814333,0.6381164014886809,0.014023624888232646
6223,0.08568223409042741,0.299310654409815,0.035385147661606886,0.8452926431319664,0.06021021951088469,0.4973154181959366,0.8932541109460208
6224,0.09661480874771201,0.06478504057653241,0.02522604678907311,0.06377404424001237,0.017252259460344588,0.4635516080787505,0.25802495942857734
6225,0.08930865843756765,0.4877644384271949,0.04569887449732686,0.47036887281129586,0.09551209695189222,0.9196329247832985,0.7543087876200231
6226,0.07148565945543511,0.2923164903275844,0.009790116566184809,0.1878471522785151,0.052256456963295075,0.7170152068289473,0.12985628854655687
6227,0.09365477922930966,0.060940509809514744,0.018545206072851598,0.3664593730029872,0.05015700462748085,0.9606420808150994,0.8917980050758768
6228,0.02064444310012756,0.24338658236884098,0.04785632036426981,0.14510862242734998,0.024118079113080428,0.91755994041051,0.6437285826869266
6229,0.0009980057534187607,0.21069551299017344,0.009909120918358496,0.2745694355270454,0.02868624550537322,0.7352373872630145,0.6536671457504211
6230,0.007289788058958444,0.23161457336946592,0.03460724156215399,0.8783898120574694,0.047774460299208066,0.5179718214626362,0.8060758817341432
6231,0.0402081853598201,0.2967495041347137,0.021225039474552967,0.03359658698429212,0.0588024204627307,0.6188348330720296,0.8950008774484822
6232,0.07366694815626221,0.2169026748276276,0.02671443377200522,0.4821129980229057,0.05001457880030851,0.7096423040458689,0.625814261597764
6233,0.08508208188216525,0.45757300979045273,0.044413421653079425,0.44723673581087586,0.017421810132119197,0.8731049662130729,0.9706434483795922
6234,0.09690579871282494,0.0533507073140403,0.03996830900009443,0.887815351414979,0.05052584102853339,0.4162441920372645,0.004733349897101176
6235,0.03349201590881253,0.008834899716908796,0.016307516005180694,0.008765895494906691,0.012697919346349215,0.49645766826875415,0.15721318535390855
6236,0.09379735587834605,0.22950862126252747,0.033803635519635805,0.5718779793342174,0.018121649279722124,0.6715886113407882,0.45711551337645095
6237,0.0997807155832159,0.42381375996611503,0.04671237553466602,0.6524146076474885,0.06747213522049388,0.5602468937362319,0.41604024285137137
6238,0.08386703904230748,0.009655502192173662,0.02196272051510684,0.38853898164171674,0.029714971722092965,0.893350697753174,0.012231703710759961
6239,0.023080926677945587,0.1265210569346949,0.03697353856057852,0.10178638198729573,0.034300829277633914,0.542969699985297,0.2729018216445822
6240,0.042632364551886875,0.48469522174117236,0.02028837717626865,0.2002893091264846,0.06214035447683974,0.8817793823941711,0.3700720494289579
6241,0.013661115477892184,0.27204539741935657,0.024657986912025226,0.5943806343266103,0.03661479859026687,0.9254693729384322,0.12695651767557614
6242,0.050514831238459824,0.04601874957939608,0.0007768662336412539,0.16862653578514863,0.033762800106686496,0.9436798103492026,0.7096192701286284
6243,0.07088632655929328,0.2536421029887937,0.046009511791054676,0.39159296398178417,0.04671524038894829,0.7167252225813693,0.7691044558872842
6244,0.033880940139502935,0.3045502921096405,0.00673079319085668,0.8132354826003726,0.06324071067338187,0.43609598682757605,0.3758091760191056
6245,0.03754965870896762,0.3456053394234584,0.01609064713579229,0.33670725206063584,0.03973488869469522,0.9533121185673848,0.794463554008457
6246,0.06195600933833026,0.019215547411231815,0.033515284509467815,0.9114505352520562,0.08471784655040858,0.4542524811284759,0.49828182126564924
6247,0.06346650715172117,0.15660724402799375,0.02156242285716344,0.1761862148035392,0.05604686092712724,0.5304272997192965,0.009067978780086756
6248,0.03129723085711965,0.11158954476901006,0.04754079657503607,0.9530844925982738,0.03393148408897785,0.7440768014335464,0.4699833789252434
6249,0.045957557133294545,0.09043331941657931,2.8852349759804785e-5,0.22819145438637412,0.07528889812510417,0.9190803196225709,0.07052349462677161
6250,0.04736326443118765,0.27153782032387325,0.01655638486355029,0.9083064994705974,0.09594888048804995,0.4032648508670888,0.5460599580556507
