sim_nr,κ_upper,λ,ω,ϵ,α_cp,p_f,prog
626,0.025787445542702254,0.41621324463081966,0.4946459064851458,0.031001513685423,0.7866623369855833,0.7726841182886135,-0.22523604773660244
627,0.044114838124458905,0.954491362831601,0.6069251918248032,0.029242645486203967,0.9893727268106547,0.4128430480388028,-0.5632497651057597
628,0.01036214723707569,0.6989223900162764,0.6537645202469692,0.08338034107885113,0.6622123820812875,0.8604478511971724,-0.5752927322474248
629,0.04588605361127785,0.30053528290695214,0.26112726761509175,0.03183798978857603,0.6767327942582633,0.30632577095711583,-0.45606123894727735
630,0.0020038422424522064,0.03792827103834395,0.47306499884030545,0.024760439814405264,0.6218310807325933,0.561931060763648,-0.878495798407347
631,0.047649614742423047,0.7246640006609643,0.23695446562544809,0.0004070513532737133,0.9815235243601331,0.04106028960156577,-0.8373222135236644
632,0.03943898722981474,0.23817523417451747,0.62928751321877,0.08206750767700056,0.9064865524202846,0.2267510919511206,-0.2965204339527826
633,0.03118119029266521,0.03855713556644602,0.602971515100253,0.06308834730653469,0.9472688199289472,0.09364978514922603,0.6489872915899428
634,0.04282828489864252,0.7691451116576857,0.7383540141758383,0.07325825494701081,0.8432129040605647,0.9953187025098011,0.5514151246985926
635,0.02032720721519965,0.3266093142720437,0.819407530448678,0.08188187519697666,0.6275878350278361,0.212163255936216,-0.6899325674115251
636,0.016152540245682547,0.6297772531008599,0.3118518149088618,0.09518115947288441,0.7361826039481768,0.6700077310980664,-0.041695027166266496
637,0.03891869730542474,0.9366800367190986,0.7781948470476577,0.03625470552308192,0.8895108811842668,0.19291919739597177,-0.5737981252982236
638,0.04220180756885308,0.9202222558303073,0.9036806865715469,0.02175091992401209,0.9853837459889405,0.4807181941710963,0.2376245386240523
639,0.04822662151933116,0.22816651404511226,0.2920858882443019,0.04603651801491612,0.7265886300213016,0.03927084165396426,-0.530986206505843
640,0.008893687628185511,0.23196439367042496,0.014530265107479269,0.0327588612176174,0.8353061119986025,0.022879288526363457,-0.7651859557489729
641,0.03204786991240679,0.25945022685973024,0.9239161039236528,0.035032719323526224,0.9410451331951901,0.4676772067544317,0.28933532287841945
642,0.0027480102667468524,0.9252823395159341,0.05552625522700341,0.010030547414076631,0.8650111634032854,0.08772038209854141,0.7065308086657798
643,0.0045352722917085374,0.24647826246189028,0.0923674644120169,0.00872477952449637,0.8968759112006497,0.32539552624154483,-0.11862724341620856
644,0.04114883106587788,0.41774242190640126,0.32918996888204055,0.02193986957780699,0.752715245989551,0.6030233355169189,-0.4190862407185145
645,0.023507472378286,0.2346793637193581,0.029370380617538813,0.07527479142774708,0.9519067909309018,0.8961507065271646,0.44276461564074077
646,0.03626949439483962,0.7966378250361609,0.8308050154560856,0.0284212570848975,0.8197533295520816,0.29294608584160275,-0.7060001114615456
647,0.02638931805383392,0.7015583632391483,0.6001270954613462,0.012694222147685508,0.9616068574299494,0.21764463194746164,0.9816500226456144
648,0.0014394000993875253,0.5366622920822695,0.8987396973254818,0.045272669392277205,0.7463571557435364,0.014278448230498435,-0.2024202499771799
649,0.025647590312611004,0.7753342355956856,0.9212601115260058,0.046148556605240885,0.6121105915530513,0.1664255737096184,-0.18324507064735351
650,0.010191190765063472,0.09962503606292167,0.6063257015143949,0.06337327635227717,0.6449076393576374,0.8021713616819879,0.11541532236201602
651,0.047288525933404435,0.9225754719579611,0.7946007455149398,0.044611830388590026,0.8871488125409044,0.9436879577607151,0.38959022873621807
652,0.0021118827810648185,0.11679495230414054,0.30873025189658787,0.09153990295675352,0.7743111241095968,0.27155597755551014,-0.12344072295993591
653,0.02293614610334014,0.6096177513368766,0.9841183080852721,0.08453047236277764,0.7757248116537971,0.8085766019902343,0.567249565482538
654,0.0313827430666515,0.6367201324061396,0.38776757966339526,0.08093694378325011,0.6745201336757806,0.24853030255609984,-0.2665304911975407
655,0.04806864993379706,0.3489554525630268,0.6178133418282787,0.05201298088937885,0.6418245080283238,0.7460409512132721,0.12805522806273784
656,0.014716505019211637,0.5536091651644831,0.573486543323243,0.004756229037661418,0.8133695860022085,0.23933366280081633,0.83162567083978
657,0.020547393816644832,0.39253612690401707,0.5398230034305901,0.023848516642263697,0.9278066020941053,0.36516075215697585,-0.8931508337369088
658,0.014279742949357724,0.6236363971279366,0.9169804216849785,0.05912319846611033,0.790628230031694,0.011850177791927635,0.02654772768328373
659,0.03387897192088237,0.597532848972419,0.3890451247020619,0.04845289775992932,0.7198382813259481,0.36823404546738564,0.9238184760231456
660,0.0367867264415021,0.38791505012330424,0.5887290088871564,0.021233936320900364,0.9968309185562448,0.1610904168358166,-0.13438199598338318
661,0.04478135376788156,0.013589150944174799,0.1963145550533218,0.096152388545586,0.9988905800302769,0.5521204727853214,-0.5102381601282059
662,0.016806605593991542,0.18272187191347591,0.9974501885173298,0.034236505167628564,0.7571771511945792,0.18497610201598783,0.0009449594029091735
663,0.013217628256623213,0.03216568914136822,0.41126747394209423,0.017225673230911533,0.8185317898968235,0.8320528012745494,0.3966684723403895
664,0.015520512396469899,0.6633436174225883,0.14594207774489232,0.02547696081989466,0.9370201200698928,0.22783902656750316,0.12621071336402045
665,0.04530953323477682,0.3058822875459608,0.9555046564726836,0.06924897952027197,0.8003827429285444,0.9048386863098784,0.5143680073592689
666,0.02100525419231912,0.8713478743615289,0.5845959149052246,0.014107516361652073,0.8732538234515341,0.5788591101087619,0.13635094758670863
667,0.014123131447272003,0.8429048871680669,0.539093397996861,0.09207893374356409,0.7954689952562076,0.9379390055868324,0.5850283062961517
668,0.04253169181190328,0.5014835013215387,0.4420381650497157,0.0110622781536727,0.8324162318118351,0.9228065407406856,0.32617401478591224
669,0.031739428845535204,0.6503329256533298,0.28992351692790896,0.09339446350957982,0.8737260617346216,0.3322305821868297,-0.3827229135119523
670,0.006505263274413625,0.43663842947949216,0.3792532870686402,0.026683213574992537,0.8362881574339951,0.5961764141447855,0.07848116119075987
671,0.045116751558191684,0.4681010253012437,0.34160182423341123,0.03202524416849362,0.9754863041731809,0.8959586764433521,-0.6330942293559058
672,0.004855560229784082,0.7471585529828718,0.09498981633491255,0.07398400355213484,0.7063844803927295,0.4780912013134003,-0.9532410671199746
673,0.03228061441274401,0.8274982795639957,0.09692529577808959,0.002613539619926571,0.8225588712522647,0.7827811336582773,0.5121076705574239
674,0.04642214766518682,0.019766965521582837,0.7848428495192031,0.05573235665558355,0.6288803033327721,0.43182013282260323,-0.40144400043609785
675,0.04171201511209881,0.6673733873657149,0.29971059352638557,0.004970523145009096,0.9528575931874316,0.7792681819498072,0.35668732474239584
676,0.017948592754444773,0.5879069522895741,0.1119282922688764,0.05894242166365467,0.8405376577288883,0.42034087230329026,0.40499367770828076
677,0.02394767745423132,0.880100454996264,0.6143630586397799,0.048918936354065565,0.9904368916291452,0.8885259474578766,-0.47073118263205205
678,0.047161474182165264,0.18112635745252226,0.4973782831557599,0.030081713488009133,0.606102259858775,0.5332189900486106,0.6716966149477124
679,0.028548754426522067,0.12447381658008944,0.3328759611128759,0.09967611817080461,0.6555773149539031,0.2170522290496153,0.5269392694989392
680,0.014914211771729684,0.9853130452889627,0.39980305957143386,0.09266990059247499,0.7395336544379926,0.7281930653387694,0.013269090612633372
681,0.006774675516046139,0.4340186184048758,0.8711607964266955,0.09753623229420308,0.6100365367619789,0.08204084568891516,0.3526902124257951
682,0.010673184592794087,0.7726273295456187,0.5666155741788356,0.06174653050490965,0.6680428127572516,0.5915166095044043,-0.8138995028361227
683,0.001560958497404887,0.05980080656051783,0.7058524015811628,0.08436509336694487,0.7038773018777117,0.48891305442008254,-0.16232110056627824
684,0.019134346722000907,0.6144413948980844,0.9293270276163199,0.0081694742235987,0.9508283161474614,0.07045880933414732,0.23953562289232222
685,0.03131327993745518,0.8362529871612353,0.9421127221103472,0.03280041669255401,0.79379069537967,0.36146965525269475,-0.3046163381455177
686,0.014626553275857105,0.6443855082328843,0.2730081826025321,0.09149267526862394,0.9776044600226735,0.31045230811379637,-0.5880915816192129
687,0.03709709502738591,0.19332774055241914,0.6368717224917867,0.07384462941862067,0.9633512536910378,0.8439631059199881,-0.14767976606102406
688,0.023400691786366182,0.003100792741692104,0.7707639669423665,0.03782762713704754,0.799956955804615,0.8528907634464916,-0.24507787756715105
689,0.006665038942055026,0.40136548504103275,0.6277026368564114,0.005481579280326065,0.8569712567960778,0.6733171302887696,0.5447146744799847
690,0.013673363167721898,0.7129712389629446,0.9984717166337838,0.028502216396315772,0.9219940689134591,0.4641552842537224,-0.3409831039351644
691,0.020056319873934636,0.508024365766836,0.02448224699875097,0.03255036061873184,0.7126770169230967,0.15720761107996567,-0.9934172215147685
692,0.0059649752352970336,0.9179048591984963,0.24859185154116525,0.09125640848427065,0.8699502996890216,0.44796176507403934,-0.5577917779722557
693,0.036503052156600116,0.7185853719903876,0.836351508352424,0.0813544624548615,0.9385221176405898,0.2879221122713435,-0.09472764710799542
694,0.0025002649328927143,0.018657114052460014,0.5415832031222015,0.011282490021056616,0.7270095619957928,0.058332200966250795,0.437742027748929
695,0.03178364137940229,0.7500774020708613,0.2801506058510693,0.08884096370438045,0.7707151484962819,0.0492434533431822,0.2899120403831823
696,0.04083698649383988,0.15608085908260547,0.4477186192469948,0.09971186920202446,0.9344686691608274,0.6745829775185013,-0.9619189335740926
697,0.04122095960320855,0.5007334075521872,0.48204351373276494,0.015264714633237983,0.7007477222462403,0.10601039538102802,0.005482992123817754
698,0.01417001611870547,0.5440087005252452,0.7694991089757871,0.04625548308527173,0.8716141896405415,0.9320328040240172,-0.6361592012652143
699,0.03744282815985477,0.112547878450143,0.8349477485758061,0.09941818255067753,0.7094234883223398,0.10516561764539677,0.5998904552857109
700,0.02886623437678698,0.29822432596353826,0.9324382319420073,0.054739544993770775,0.6332487760246942,0.045283650560675466,0.3458086600985517
701,0.035385931568168376,0.7634950994077006,0.9096368090941168,0.09388227292569251,0.7700539829517014,0.7584022767530137,0.2479976068926053
702,0.03857162440404178,0.363100787115691,0.4688670684426994,0.024420197663210966,0.9947748282127303,0.32380679579434896,0.08439193565266234
703,0.02602081697846847,0.6282230248171133,0.323696840670486,0.07368841632306118,0.854399902729138,0.9569688290404671,0.06171518836377654
704,0.030018938856473255,0.928828785228886,0.6685673229173388,0.056572446574279456,0.8217307135262947,0.9972923106963318,0.7872125806225514
705,0.016932896961688423,0.7330776093235041,0.8226229118359893,0.04490989303949481,0.8475667136905833,0.7561839577944097,0.6519667309902977
706,0.03530692503957766,0.4248903846950057,0.23909000336621303,0.08113890460917608,0.9237656664141046,0.9596250000679396,0.900604027017736
707,0.012045120647125575,0.863499415739753,0.8872065092830813,0.08945177437743891,0.727945198371655,0.0766496371145755,-0.9587516591408014
708,0.012314460795166723,0.024061354935117855,0.22715741649486468,0.04123121571996483,0.6720917809713457,0.6454832075685738,0.40401619665249955
709,0.01173425803114443,0.45299875474662166,0.45162851700180845,0.04819289169917414,0.8077055957270309,0.45898569243314297,0.3216900283120965
710,0.01745543641210161,0.0852752218225653,0.8026740909703146,0.06112642199590615,0.9001230896614529,0.031964577309381986,0.736081706708914
711,0.043414143946466366,0.45611549891524944,0.728753344175404,0.043900479463444365,0.8885361889126593,0.27322147462396085,-0.43902063476628694
712,0.008693316080223936,0.1631380222532948,0.08948487384036087,0.001151107387816868,0.6005903214386317,0.527959592329873,0.7127564192790152
713,0.04780140551074219,0.571201008943749,0.22827741537704957,0.019010787511035382,0.8254950185770837,0.05036531654827728,-0.22838369624857535
714,0.0460841242616012,0.35782170433297383,0.5976025451284797,0.046961271199043475,0.9435144031983562,0.7378591118098051,0.33601925601545357
715,0.03126794356089962,0.37246535112842144,0.829242664580833,0.06150770440564882,0.9087486341722304,0.47902389857948285,-0.07797272039884717
716,0.01833721724066047,0.686619707182143,0.5937466164145255,0.07973723770678967,0.7968824838374322,0.8178638123269945,-0.007103386299089132
717,0.03523926360704594,0.8933245782990802,0.2967868108232394,0.08694337865001944,0.7294342575116889,0.56609719906756,-0.7359339913233962
718,0.03463854994914848,0.7657345625665405,0.2691668310615501,0.016415188517407444,0.7823221510722553,0.0078676981416122,-0.6596766290559086
719,0.019687403246753714,0.25852999046655106,0.734380043994046,0.09459819505063549,0.7825782322856956,0.22257482814661225,-0.6623009378350475
720,0.03990412481023133,0.1886195569369523,0.1122148351092512,0.07685159030012223,0.8270233591380407,0.912307880694047,-0.9883001948692536
721,0.008488567498503517,0.47795624685417315,0.12187239821072253,0.044001781061302626,0.6320944226267197,0.06358502766297305,-0.2106123184308365
722,0.029463330648735544,0.675821977419704,0.1028191174827228,0.04038042543472841,0.9287177596360158,0.9339426839852278,0.7771741878209686
723,0.00688187895242769,0.8032898009372139,0.11907824309498607,0.008037561466366548,0.7431283323673319,0.5699313458097144,-0.8894147281856123
724,0.026712839754373705,0.4045379348800033,0.972902508483698,0.07859001445944268,0.9044061543313459,0.7989933222873081,0.36203239346281735
725,0.034324174907451606,0.5813942423075172,0.9119692050076699,0.04913381226171126,0.8451357164256184,0.13147432806966025,0.04711708248520341
726,0.03345728576178917,0.9901134167058518,0.7427636576352589,0.019336471812326728,0.7053394493568315,0.7883424736189337,-0.9349143954806332
727,0.026087426095876522,0.20406457028177719,0.8009312089666287,0.0664143733507812,0.6430530938017238,0.521042970466001,-0.48512671613488634
728,0.03276804114145903,0.5775386589971554,0.9469972334880015,0.07140572335767507,0.688359360376138,0.4068009000230494,0.8423118526632021
729,0.004462164848135631,0.8383350171431599,0.40763390398000965,0.04438696293464236,0.9098477701014377,0.37329835209857126,0.46724560193734166
730,0.02013084640343628,0.5465477298813083,0.20287886364684954,0.08279912094207094,0.7773270117616695,0.8743524054058738,-0.15315191179299925
731,0.00522014917942148,0.8224211489382771,0.9935560155917077,0.09193980425779455,0.6837739531490686,0.8559698931255243,0.944551733046485
732,0.0060377532609356506,0.1551216964037808,0.6933946973576501,0.08582958511620754,0.8980914811742782,0.5166738681122445,0.05806376640982225
733,0.022079773003747097,0.5956942025776504,0.9698060684632906,0.06764887453722504,0.8399125391167112,0.8270973015346345,-0.27889368819853266
734,0.0031699462073476663,0.25436677014521614,0.5306856496113364,0.07549435935339863,0.9034600679379151,0.7096954874547159,-0.9366469343133574
735,0.03918989278914908,0.811693974161219,0.5861358235362297,0.03534892196171654,0.7831718625905116,0.3844824000737026,0.9991989674781672
736,0.005175022420190126,0.034024899787765676,0.8210273192711047,0.06320179527610975,0.6708118936807128,0.3968919510568905,0.9625297778554875
737,0.04141602925785947,0.864241967250375,0.6201569723410154,0.06461844736242926,0.8560186200294992,0.5060417304653314,-0.23797152106521435
738,0.03864053563061573,0.21234067480968352,0.5245868579056673,0.042016557783153705,0.9147654310660043,0.2299000687244535,0.10772481903783482
739,0.04684752230159259,0.322471330946488,0.6696442190451032,0.007982494560784027,0.8641944644484596,0.8666476507499523,0.30034316964969254
740,0.010319578779306235,0.5058716977131738,0.5020496890544681,0.013150087615698726,0.8242274044552164,0.2823196688046971,0.7987250782538908
741,0.03212259421036717,0.756340970500397,0.7792159094751058,0.0416824446467612,0.8516683043409845,0.3135946139696591,-0.782515438067418
742,0.012654474723940965,0.7046328118340324,0.0743494339052263,0.06276303021750244,0.7734220699910922,0.9091729307934205,0.5603946351198517
743,0.009537763582655845,0.1634984236674213,0.14187684782703053,0.05600331518258003,0.6789994269382748,0.7948228568311417,-0.7701118009732346
744,0.007038418308162316,0.8740932463391551,0.37888897481533756,0.07291280041897534,0.6701121162097156,0.9296798201043402,-0.3060415261558016
745,0.0413362730980726,0.7089709584950187,0.6666101090596864,0.06847846156435772,0.8745480580239023,0.2021370551104554,0.4709292364878177
746,0.044562222657495064,0.07061397921977411,0.3555049013193377,0.009452402767873767,0.756402034244262,0.11920709978710424,-0.786825198116466
747,0.04403933892371787,0.677268991976288,0.18315016687413194,0.02105096007767232,0.6774635124566436,0.28805576769490715,0.5262247878624149
748,0.047864324010476696,0.19566036492310343,0.655115919416691,0.03125826001454614,0.7768588086932824,0.7012799116179605,-0.7194538421244143
749,0.01992637360871083,0.24462537980350854,0.7591100301048966,0.06395955608521668,0.7085181387311834,0.8210082145537931,-0.32924046613904345
750,0.0422698588447946,0.8311099823315979,0.8588841238051702,0.07500731984845921,0.920740339158507,0.29025564438959617,0.7102036612654443
751,0.02174338852452541,0.22657723846451128,0.06050020335699527,0.008547773399488373,0.8059928796133053,0.07728810103742832,0.9544323394047016
752,0.03305952099486211,0.6751191407388532,0.2656588726057741,0.09886919339237911,0.9592870266545968,0.9239942616522682,0.5384131590537629
753,0.02813933713211901,0.31069704069966747,0.9230954910245817,0.014520836031265603,0.6021386165775411,0.20795222914165265,-0.5456480093671914
754,0.003599885005449265,0.09078476598688963,0.2768387349418945,0.04793189451761954,0.6171832348912581,0.3472804956248635,-0.25746308187115186
755,0.010623948273196841,0.7364656046577737,0.8786957224647094,0.06768268893686112,0.7301665980506076,0.4085693392891983,0.18687913306455495
756,0.0324010982520988,0.5697074776662459,0.3506322688788842,0.08309646570207282,0.7845948423126914,0.4825375129166324,0.9490868855166661
757,0.03334175462553622,0.2504472828990113,0.24339133782572986,0.04329102672545488,0.6191962081630407,0.7868247170647779,-0.4686327012739141
758,0.0015095686099897221,0.652872820040185,0.04117949867088191,0.08257704352785748,0.7624497323663362,0.3669093244387451,-0.1845836977733265
759,0.01645554420646708,0.4273553441023526,0.2869088850391941,0.03328273386130203,0.740912781354132,0.7321941618055046,-0.8453446348936853
760,0.03693006274898863,0.12511476228817808,0.37713833216390363,0.050362356452193814,0.6069697084304678,0.4550618468419024,0.04138598121567272
761,0.007644131358735639,0.63213907898613,0.10129923720731518,0.020824080358566525,0.7405242261508134,0.6569129200578631,0.8497400194024844
762,0.03148520984961042,0.9498621824536122,0.5472604466114236,0.0883747887444846,0.6351426599892428,0.12575466094040097,0.3176919912090077
763,0.04356642712860274,0.10550266578896501,0.17412060384354777,0.033520092712434044,0.9111338513617685,0.17208496645623425,0.6309483691248368
764,0.0350840312148243,0.6650227915294623,0.3635968396621449,0.06020897361617686,0.7178172803870975,0.02150025040077737,0.9077323079516351
765,0.015923391988882856,0.18968975605215954,0.4770288357956822,0.02146814613759938,0.8316083750900722,0.8318350296219185,-0.043700265529369786
766,0.025888746324780346,0.872628552527941,0.8084642038268849,0.05129609010376797,0.7587999153403137,0.7234371163722961,-0.11106833982356834
767,0.03876331552732707,0.3478798733274839,0.46870666308836334,0.045917469988505065,0.8550056600242844,0.5025552397689935,0.859451162060793
768,0.03646575664007121,0.9129874058725287,0.4915959847830909,0.005390847613090027,0.8344481350676287,0.44577032891084845,0.14273002716300498
769,0.025992273340710206,0.601582837406266,0.7252930332854239,0.050046477187145735,0.8524147197466939,0.101524801747885,-0.13016758970188202
770,0.012914067796227783,0.2555695899451915,0.1397469362887451,0.06250512929831058,0.7496494163791525,0.5218740154426592,-0.5919337728421783
771,0.029389836561372014,0.43165301508547343,0.7049492842082702,0.07562637292657169,0.9080746335503165,0.5670541060362542,0.590267096502066
772,0.040558815140117555,0.021369875219482054,0.43007947670419444,0.05868227675072968,0.6522213334541955,0.006294208760380323,-0.6741396709954206
773,0.01942865370854525,0.17968907252438143,0.7241370000398487,0.08058857767667837,0.8802739127979876,0.15180123292170494,-0.3893892889562378
774,0.008435560709153246,0.09898698287206925,0.20332483733802334,0.05339082725933711,0.9724459441393319,0.6859025026960373,-0.6468422838264678
775,0.0047345872595743604,0.48328683043786214,0.13522297559732244,0.0896864321360475,0.6252029974315909,0.3198086782881592,-0.781225413539178
776,0.0423460405284028,0.8267059170212293,0.5690264061846895,0.050438469356790805,0.8864051710445517,0.908037572793396,-0.275665852790536
777,0.008077580170134319,0.48238926445363467,0.14505420935999205,0.06039603384643044,0.8824506495322683,0.5352825695590577,-0.8147424111458161
778,0.030451585371448132,0.035665682999843,0.5812790551969075,0.0746939403782897,0.6999276010435831,0.4733674665036383,0.3718008112383806
779,0.005415262516389015,0.602490138410655,0.5719222859475893,0.0610692445906622,0.7331651215957409,0.4030300686963426,-0.5057093395500636
780,0.03929170608165111,0.9474708926745212,0.745117326869392,0.09396009025365748,0.9422034615152878,0.7680484074769173,0.9487704971094164
781,0.029084690768617832,0.352051703280143,0.3089457584913379,0.04239784417290623,0.9153607891703814,0.15471141788186027,-0.45955645557217417
782,0.000502886872091645,0.38498242341683375,0.24709074662074967,0.07699656254878642,0.633290270756675,0.1434717089513976,-0.5003698482825957
783,0.03407393151450357,0.157121075899655,0.7322748725403295,0.0021009249162718016,0.7436664470331142,0.3504102829395416,0.6000422931146363
784,0.04638448268871005,0.5595491472672431,0.268336297862813,0.07999758457444454,0.8372861128319502,0.5511047415562444,-0.11491137247645489
785,0.012838624479667028,0.9441563037543841,0.8734745394628053,0.062076210087784904,0.7854223992634345,0.9926913430529108,0.41435051731766026
786,0.03569594533892303,0.3636803924332802,0.9085142751902578,0.017852571856500896,0.8458066004778595,0.8428624738612194,0.6933868932879439
787,0.029240574580899337,0.5329238201759975,0.358370261869878,0.028121642339324876,0.671146143693857,0.5141234024080794,0.579217485566341
788,0.009650223187776178,0.8971090369389547,0.9492057943854898,0.00419335381263816,0.9838952372516059,0.718573386926159,0.5175512459891751
789,0.010860943923880923,0.9624748151900047,0.06833048096777376,0.06979818062393713,0.6488854745851925,0.2463589585047248,-0.2405360101109496
790,0.016195804628746462,0.15917226301943535,0.1689078228356333,0.04668985868442069,0.8723674566752448,0.3402820361624074,-0.04977985123494233
791,0.04701417797229923,0.8010356623998913,0.9184373565644107,0.02775147459785604,0.9092737723493357,0.7248911401236515,0.7935624887155259
792,0.01666832175994661,0.5305445491745874,0.11732539543909352,0.03303850461977028,0.9255950610188161,0.3345924642795895,-0.07413514422149836
793,0.017863228508317577,0.41209190668021084,0.5429003592391678,0.08831286941953198,0.7355584098424246,0.6388905914797319,-0.9801975306030837
794,0.020175579585816367,0.9570814585959703,0.2821250052786944,0.025072350703170432,0.9913617363760285,0.30502294431354804,0.22654626426497093
795,0.04068026783201581,0.029358708365847076,0.10491152905453344,0.06933882386728722,0.8752910125478364,0.6043285221985435,-0.9734973685560502
796,0.02739538815648511,0.4638692632732888,0.42215419524839515,0.0007860054130628219,0.9002248446963124,0.09677711576162126,-0.9232723369224961
797,0.0208383437761675,0.19105892792577414,0.4624584575724839,0.030825531040058547,0.9804904226037127,0.04244444646851274,0.6408172899152316
798,0.023080102120801353,0.9358991970809999,0.8437276392902476,0.0625925108956846,0.9464371801484031,0.21360656640979508,0.9187897753652703
799,0.02892153799674471,0.8820879242017665,0.6860605157539261,0.05987240932361626,0.8335194317549997,0.8146155137293049,0.0155663404879951
800,0.02795283828253363,0.022984406135435214,0.3743628270090166,0.046513851643352845,0.8795689305755894,0.9167443453907034,0.9275759121784053
801,0.004377911578421095,0.9951238469347138,0.14756577761635745,0.06133400436610359,0.7869022672433359,0.5761148044360531,-0.6862847514602539
802,0.035618059347104124,0.7388252538391676,0.7732665993479055,0.0932361669210876,0.8592796494468598,0.9779858329230706,0.43365952595192536
803,0.02918085440261305,0.5941339487206136,0.506190834962375,0.05243877973943513,0.6907220304174175,0.3914484769815661,0.4748883370468604
804,0.037987586547800795,0.13322358160377076,0.28849296266602187,0.04974505310364731,0.9396448472790533,0.22550186266071678,0.8888051382257465
805,0.011995624972685403,0.044115886196258634,0.3912337272868148,0.013660980752528704,0.7577007381580775,0.018844802593473136,0.8082476930952609
806,0.006821967786371035,0.9829889461246463,0.409087073880655,0.09582080116164551,0.8993075350040662,0.19638272783832553,-0.2858221362393548
807,0.04034980089463597,0.06598213900646072,0.8845616285072738,0.06072002721941037,0.8706760280097765,0.14212613010301856,-0.4066424360415605
808,0.0023799426622552067,0.0015340226258736837,0.6736687019680234,0.09838364685964496,0.8973873692349058,0.35685769037149073,0.18855613131178606
809,0.00820078599996435,0.7884575462795866,0.34036951238423596,0.07275009476710605,0.6215142036821752,0.6187532330049926,-0.6652435191048296
810,0.03907627801626043,0.5346788796180934,0.7962269730996581,0.01193056202909655,0.8818200559484781,0.1698395326680135,0.3943025005368883
811,0.009999978981518345,0.9741246105502814,0.6708607128879349,0.029754915680290053,0.734369089677529,0.14514110383138273,0.723973385796089
812,0.02549422784996466,0.4732642575170511,0.2305408558547394,0.007742463338629716,0.9898773475146554,0.19037948932676113,0.6254429922442486
813,0.02838846444183577,0.19772134973440672,0.23580163559455614,0.0363247274468075,0.9141110234678841,0.0030252754912225366,0.37620746714137643
814,0.03976459077867047,0.6575438430105298,0.12115023497527468,0.025959332612988485,0.6209339247765184,0.43216577814756346,0.9754117837609031
815,0.01567210684199775,0.10791919791910475,0.926022854238185,0.0532494089201043,0.696624587291482,0.6057872942154727,0.940039680320158
816,0.030511583031193636,0.38656812832883874,0.5543689346281286,0.015634648472203288,0.9351632036513031,0.4636631696610246,-0.8647632806522378
817,0.0011916555900326122,0.6492543060733172,0.974986716751087,0.00021673841895044428,0.7104896997622289,0.778703415131514,-0.44570955528799394
818,0.026509621254726404,0.7711064080594315,0.9009785378016433,0.04552149778024998,0.6793788017618047,0.651578217709197,0.7547572885714122
819,0.028787118116452938,0.405536718226451,0.44141011612414693,0.09772660008240047,0.8283042135983485,0.7506265827384331,-0.47421270383340564
820,0.021473260779238883,0.5126685423693955,0.5966980934789037,0.024224307718136856,0.603850618049902,0.6340073982946558,0.12192724242286013
821,0.03723423437140434,0.8107096818836141,0.2938679992191538,0.07961935948993804,0.7793655055457207,0.21492276937212274,-0.0636070250089017
822,0.04384744593655544,0.5196601427800238,0.45842330043843005,0.09361809216094835,0.8179385539112592,0.9013826598743652,0.09929845690813055
823,0.04376991841640021,0.1611465196005407,0.8145508280272767,0.04316875879298468,0.9391103686122777,0.46010501779037033,0.8284923553082841
824,0.03467283935257837,0.8493563553581754,0.16249714993924078,0.03705351046199647,0.7453338879162186,0.4944593262177452,-0.012005175055150863
825,0.015901114506996602,0.7861438237751176,0.6253436539145754,0.03682532950232428,0.7962060470710127,0.9564312484712618,0.8224069995561545
826,0.04794110806943183,0.5242000196644859,0.5106910185909588,0.02628590186212832,0.9842603055501244,0.8994366468051121,-0.6713138556793103
827,0.048404558053523596,0.6254764634940451,0.2322122306230939,0.05521919834514434,0.653401577705554,0.25490141871992195,-0.9173934287782071
828,0.045977550830696434,0.5990150084329423,0.04716195169080178,0.0038638842119994746,0.8956328924731151,0.19077359383117154,-0.3503691626629061
829,0.044833773912480376,0.2525630266773524,0.8252870155634288,0.0779043074742297,0.6646993808520145,0.5103591138400857,0.3432967680660697
830,0.039266667392217305,0.45919073264563187,0.6346941365493324,0.04223575770187201,0.6667937477074851,0.8245134435399061,0.9337743838085768
831,0.008875395815580289,0.6431740351205121,0.9433813986791171,0.038779002426672655,0.6136462890056069,0.7770168853063512,-0.3555747929594635
832,0.0473794161959347,0.8435937893949019,0.804141354285445,0.03150901482009237,0.9866915298780486,0.7952608312014388,-0.8967693634522869
833,0.03252025949155334,0.2455523002993959,0.5903023298876918,0.05106655751780234,0.6178928224491949,0.9543730510889394,0.3338541426535282
834,0.01770294825536046,0.464836932343477,0.5260522530334282,0.027354107803820405,0.8908923388679669,0.4352119308732509,0.9675436395824144
835,0.0038455726384182863,0.12207728119622775,0.852102531805058,0.057496539914266315,0.7204862882346872,0.3271148928556559,0.049636223801816204
836,0.025020827756322833,0.6596548745061641,0.08580523513960725,0.09672577398279636,0.9863336965592739,0.3617457676880718,-0.6826941066910603
837,0.02402449168489886,0.7546845281709502,0.30216705913668607,0.06680692526066685,0.8750183916202252,0.08549945413477972,-0.3711344249397559
838,0.0016939746068057697,0.18483844180165357,0.7028541760836975,0.012551330978471349,0.6664912004841965,0.9938232755074374,-0.949488900358369
839,0.007540708631631702,0.29234956343028523,0.31655553883692217,0.07041628421972528,0.9995965813145411,0.7646771842638596,-0.8489606890876051
840,1.1719855577597508e-5,0.9909405008265246,0.9604824052252452,0.019783773484433706,0.7113433723654086,0.963421815080403,-0.9267042624698233
841,0.038011966760870104,0.23936474961718082,0.6628869018519896,0.09808203337655844,0.7647826819446032,0.2661008977780024,0.6039475398537952
842,0.046674304202972236,0.45131157321732573,0.7887634658001945,0.09714086374883077,0.998081180042114,0.3831649625429574,0.0662412386408815
843,0.007855817776510274,0.20618070257982926,0.7088508876290468,0.06962054982046782,0.7717998510869752,0.8496945354261316,0.9148908639116105
844,0.048660962591592236,0.5137997688791592,0.7677229491668466,0.058193081909547896,0.6266886277915347,0.7300734565103657,0.1735726201316421
845,0.03490310021887627,0.04540199434631203,0.9913129574599246,0.08877712992582248,0.7883247272141981,0.15633958807253498,-0.7625492367798292
846,0.018695629188827806,0.5054101519021507,0.11543600527851654,0.006777517137037808,0.9649210081059642,0.5875646082948816,-0.1912694719233462
847,0.04995168191007202,0.1714904079062627,0.41892552174515985,0.08481928204580214,0.926033101278705,0.6601691356448981,0.020738658475741634
848,0.015157871845674825,0.7030783119105931,0.8466037633133008,0.08211631904159333,0.9924015030826366,0.702448682244247,0.43064385949215156
849,0.03236869952503474,0.36941577606950304,0.36563042003350477,0.034454104182968556,0.6375920584241961,0.8837905657482968,0.1498667894266652
850,0.011026327447144489,0.33594838865668597,0.6445615952406599,0.03221773812248812,0.6111261995407383,0.11147195212060214,-0.5275675353903846
851,0.007741792230258207,0.30332017732389377,0.12875874712668636,0.0779626231725642,0.638783790457435,0.9459165558559595,-0.4519418280711407
852,0.04653917916468428,0.646850656781639,0.46114114474226964,0.053092360334737736,0.7215378288418846,0.06678462829191534,0.7475185376192877
853,0.004304920119225345,0.3045810263120563,0.8958617912219786,0.08550718271211477,0.8096155527692014,0.7846121618665011,-0.5988440012946672
854,0.01628532089511259,0.24094202673980564,0.550070826351499,0.07738532070052959,0.6227703510282356,0.6148442524161185,-0.6274977654361817
855,0.023867902933651153,0.4616999454632177,0.3536503440926076,0.06430579408099318,0.7048526083885699,0.555796270885839,0.2167076706494082
856,0.026263662921059274,0.2718894852620414,0.8759989984808757,0.09537079872390242,0.860323421618744,0.6326253024722963,-0.6542208610114909
857,0.013112983337423285,0.5476007722534671,0.0060864016782522295,0.08810239050961391,0.9214018714996076,0.8130982521779033,0.5096812507234476
858,0.03302520911484191,0.35522320502636195,0.7412036224613279,0.05151820797754915,0.9179638472465784,0.3166910568156002,0.9053516445547607
859,0.02956035587094749,0.9528396514862463,0.449215239478038,0.008399684282576562,0.8213881527091822,0.2322184687035284,-0.5595093923367289
860,0.04689837125129662,0.4787384080798498,0.3226969802236993,0.043009643853406644,0.6469254981130137,0.792887562019425,-0.8188841731844809
861,0.01662794321354778,0.877219806655238,0.7819927811694474,0.03676845148061628,0.8038849000126255,0.05193971229599175,0.9319471224985814
862,0.03416442809006917,0.8868343529161752,0.620885771235184,0.0019196894282670855,0.6131343428460279,0.9362954708150821,0.6866059387062113
863,0.013492200662016141,0.6969332610124037,0.8563113973131155,0.05639220198836296,0.8536184629789771,0.25166673477078805,0.6418267583275719
864,0.015804941463535973,0.8055802366113158,0.1995518646738575,0.06224492243256601,0.725024204532117,0.9254846205611083,-0.40460503848353924
865,0.021249995686198567,0.5663120965853868,0.03367136753132362,0.010240515281003849,0.827316349723145,0.5400486910374395,0.8730637876456253
866,0.029034835568012524,0.32444082434696486,0.6617680701194927,0.04012076456781111,0.9077799478114589,0.8795964532412297,-0.06989778351845055
867,0.0072084200011583825,0.8068115626070242,0.0121930863819954,0.06994220399640474,0.6087735395692041,0.5381673863114387,0.8440507155018997
868,0.03165780143539128,0.16625329590710225,0.25926838484353926,0.08987328392383037,0.9745823733148338,0.613634103943169,0.7751169206948045
869,0.024888769128513438,0.7972132190509366,0.013010271953871418,0.0901448384574049,0.8963160168757462,0.45101133307749985,0.9842472004600968
870,0.000978781423632148,0.2641980521371339,0.4897346293532545,0.011655537934720538,0.9876029814678836,0.38988863518424643,0.9025120979012198
871,0.011090715624726737,0.1493506569058177,0.3604953301218409,0.0788073921894842,0.6231832704015969,0.34332088465602484,-0.5133985224513173
872,0.043971165786795025,0.0763749329935376,0.7198111365501496,0.05685344337982134,0.7238741353890734,0.09805290347084673,-0.7414087204991032
873,0.037644504660897735,0.7206185343440062,0.7920975797050163,0.052165211621530184,0.6925929434276634,0.09051232686819784,-0.7935209936929013
874,0.026765987740640408,0.3828255472914853,0.2946532759925692,0.04932140019228612,0.6485326972708233,0.5458720715676123,0.28013535685187074
875,0.009742901371464963,0.11738815522822581,0.37041376229908757,0.04678221631965244,0.816872090762677,0.9720212016148183,0.7387215451582869
876,0.03358458213831246,0.7170803334787381,0.06695443143888127,0.04727454057588504,0.8857911674860023,0.45641914950828666,-0.9072233696050672
877,0.02438678974417707,0.942882378197182,0.9768841786240747,0.054432108547317795,0.9735625902455697,0.982514381203073,-0.686662442593574
878,0.026807713526195077,0.6807164632900968,0.6890975474038712,0.04571780877381629,0.7916675503526194,0.47460939819877795,0.4205480466218048
879,0.006154678577535395,0.9279291684094753,0.15095708548932818,0.025163104089474204,0.7158338614903613,0.8654404537898291,-0.31251042390170747
880,0.027249325498819213,0.5600358818778516,0.8421588966007774,0.010490572241103294,0.7805198180204271,0.6096809388549468,0.49082700013910907
881,0.04990122030702318,0.17618058706008569,0.9275697625669791,0.04143440685499292,0.8322472342567434,0.09194626108003426,-0.7229415039023068
882,0.015469223249759008,0.9397202862976154,0.0527188536258851,0.038141232838178316,0.8577867433533414,0.33670997619222115,-0.4764093644266444
883,0.02231574034882898,0.6862107287276895,0.6393771792719832,0.052908154872530914,0.7606407324616858,0.8588091657106003,-0.8727498912331931
884,0.010032812149318684,0.4945254504010888,0.747824724851327,0.004338207456968461,0.6161904833727718,0.12656498766261545,-0.38123247313497033
885,0.01335231069232238,0.4804232369606767,0.6593885176125592,0.062094305225411886,0.8662568161699942,0.9064139197170492,0.3843448826281417
886,0.03517174884446619,0.4472837776599224,0.5555909827116514,0.001944088998744813,0.758591787127457,0.033564888618837184,0.9709514257397971
887,0.029958294803630423,0.3134381010444041,0.0394423911582055,0.04280727443172974,0.9576027087480233,0.8120890117376119,-0.34642836163622637
888,0.04329595973316911,0.7849778880188897,0.6169518605223371,0.024525056074385314,0.8408836757952726,0.6358739936324851,-0.6114655562029694
889,0.03946150675833874,0.5921776867402423,0.3521918992824603,0.08474200377242552,0.9182314066906048,0.8988929540674903,-0.019004825669639125
890,0.03321155675387284,0.14486947642253203,0.1328353958712304,0.015916287309228987,0.7363775227002476,0.42469680818334343,0.9718286440968731
891,0.020945431845536294,0.8881500704931261,0.5464918238654316,0.035542204944350085,0.9250870137279011,0.6776294966168782,-0.727758283825563
892,0.03375487960158443,0.37630883550084526,0.4174320678558726,0.06015853936242041,0.9134508962003758,0.08400933432344812,-0.28706348911951984
893,0.0430070076178021,0.7901700335346263,0.42272050798944055,0.04904029194401669,0.6582960077682967,0.2357258011023816,0.7726132473307259
894,0.018083946158635237,0.2109795522540689,0.3058574248173159,0.010613641824498359,0.7633816554883361,0.7614011820046926,-0.4528486918295609
895,0.0457189058179162,0.5683337484204741,0.1274744555279718,0.012260420933572028,0.8105084792129348,0.055679039075966025,0.6852314018059296
896,0.001056829981192926,0.8698427348129453,0.5146812697515107,0.03584343575743953,0.8259480965067703,0.9472879630332535,-0.7297198286154207
897,0.018475150261307475,0.23562724763652104,0.39509532771185496,0.015797000708984432,0.7974169757832913,0.2777888370532128,-0.9144482325204122
898,0.010502534455951147,0.22475887927155336,0.7606355809161051,0.04870804252618361,0.6356759962666284,0.14658066072869713,0.422222490740191
899,0.01853880092910281,0.027388418023800556,0.5643286407624825,0.05364216560482141,0.6677483836681516,0.8517325563877264,0.7692082920586287
900,0.03969528263261603,0.7443437818001245,0.7007191896052933,0.038508505538899555,0.9230712512161734,0.13999041202590098,-0.9300816718149361
901,0.024766217101936168,0.07342847703259307,0.0011216784979349427,0.09851053679652896,0.8125932380737731,0.4274237411200215,-0.9408415565904775
902,0.048782649546451035,0.142097370148254,0.46557959180673125,0.0052508537699184135,0.9687535005243195,0.588993622890043,0.41007330757691096
903,0.02731377275479373,0.2737633612814002,0.8460274073423918,0.057022213980772174,0.7292361828417256,0.7278206212423466,-0.08116732021552309
904,0.04163198262656307,0.8144389258002084,0.03651495049376658,0.031843450837611496,0.8290038316508762,0.33772489811452605,0.7648322534978025
905,0.04493965421400101,0.9637114437126002,0.20880843224568527,0.08662459710723093,0.9935615149357809,0.7062301380189073,0.10659698067240653
906,0.020281233219710985,0.3457918490774928,0.7625347428395266,0.06464028170635634,0.6184700243172034,0.7081356410313011,0.24376888978034095
907,0.044502802436634424,0.7738861087089982,0.9042476402491868,0.09529957924876696,0.7982830981555814,0.6934766065918732,0.5474796795278993
908,0.003475771827761444,0.9301621656101321,0.8918809095683706,0.017097651538874475,0.6567613781913461,0.5816764412440292,-0.4234372033675914
909,0.03295479177564633,0.7529199916790518,0.9597541963701258,0.055986347907674774,0.8293820682999762,0.4216028222327038,-0.5434206662327427
910,0.04748374747866684,0.32925282388480226,0.1299054008059107,0.007063126054786812,0.6741585640265089,0.20095010589829718,0.24819081765041306
911,0.03789110565908281,0.44095161409953815,0.5995153103991528,0.08103092914153377,0.7451112590131926,0.04360189589910476,-0.5230990424171726
912,0.012535905859095099,0.4696473042247215,0.11510621638876326,0.05080781672057172,0.7185861619340296,0.7676707836726898,-0.8997914231158801
913,0.004967664020726405,0.1323783273950042,0.4852900322515803,0.0180478281962558,0.7257543010143279,0.32038171139923793,-0.6384599387735412
914,0.013703951442685859,0.7907184727715578,0.474277681175169,0.022812948681338645,0.7244743127133416,0.20989787632110388,0.5403749153116213
915,0.025085775541124428,0.980579111270459,0.6355667030461382,0.02301354819600282,0.755789181058207,0.6424593438628263,-0.216617023005383
916,0.0016790761660295706,0.5825364222354318,0.023179585647846696,0.012057140320641372,0.9012369689413962,0.268211895307931,0.4756958921779446
917,0.012359793053142018,0.3807285714792646,0.8540839436580118,0.02263653952013471,0.9550564873497867,0.9493745056281594,0.6194010486657338
918,0.009339226736318615,0.20307637137331966,0.21266344825692463,0.003764038270626036,0.7880743171576673,0.5692442066444295,0.6582499816609397
919,0.046585767784888765,0.5268924516829269,0.47193476463159784,0.0036435615544476484,0.6395446569455304,0.4422380219491066,0.16692173656578269
920,0.04023694312246617,0.3697943098949986,0.810132558161092,0.047585923053586866,0.7419109843268583,0.9627722222485187,-0.5819608947319241
921,0.04321198475429542,0.8572617098425095,0.33610323416659826,0.006902636676820242,0.801932055601461,0.6827736450614985,0.8867103285041815
922,0.0493470674841483,0.7765034346823824,0.8402073156974599,0.006008764354038375,0.6367196219813704,0.11453299056092368,0.131262548148803
923,0.023718328534218645,0.8293744934211612,0.01632240746426939,0.09007786466162572,0.6754774030501504,0.3858547174225118,-0.1559048803698302
924,0.03451664029673661,0.8989817027108608,0.06964560348489673,0.03975846786459397,0.9704634503333951,0.9396275238165642,-0.6235024294377074
925,0.043503976936107434,0.6412212120336471,0.9350789776723107,0.013876651184467667,0.7943130625109114,0.06014046998280189,-0.8100354175576419
926,0.028199417997932325,0.8661058515592238,0.8162200499523544,0.08606071188115916,0.7017791913159896,0.7041464499841781,0.26402677646577644
927,0.0420251145527254,0.942202452711066,0.332389256956091,0.016274409559756335,0.8556435554720385,0.5580218569819675,0.1748119486559485
928,0.024692694766975345,0.27330053901030116,0.07716892645298945,0.001330409494744223,0.6815448515470076,0.2748045033798148,0.8466671130718317
929,0.026468693440794895,0.11953271612040371,0.366887709342166,0.09438570802400133,0.806779911887744,0.2626226481589567,0.16986938055175682
930,0.035821067843479375,0.21561452563409275,0.19809660094817094,0.05561894132167337,0.6154245088216562,0.4876607621461549,-0.8770007743906205
931,0.01889526523640831,0.26390892041902,0.44614398598864474,0.0146070497186625,0.9459567473514515,0.39551707796523206,-0.14399901200014575
932,0.0368662151734721,0.9983234538145911,0.7392176223336956,0.04352158315075552,0.9320515892763178,0.8691973600317753,-0.17131511072841132
933,0.03843437399712449,0.25627529413079453,0.2188028138364025,0.05169717737400251,0.8939245231482191,0.5484047289736137,0.05492550873635471
934,0.034113812911141246,0.9665268708844603,0.07123241185700548,0.016675941981971906,0.6478574793571648,0.8171393094563345,-0.09270655830565921
935,0.008731935557392594,0.5510684154486581,0.020719466091046176,0.07890518330241615,0.6344155331203641,0.6539167828270414,-0.4282085146131699
936,0.04889638304845554,0.915138637374406,0.10877943855735739,0.0213477055985642,0.6029217946310951,0.6304265536791691,-0.22022815730076795
937,0.02756661025850557,0.8187367063408586,0.15517673147700017,0.02590502040654228,0.8902820954024722,0.519263821225609,-0.2634553072228132
938,0.012787470000393911,0.824506892741164,0.6762008861539547,0.05460120079297359,0.9711183325592984,0.9659830150052295,0.533921209784312
939,0.008317111889084468,0.9603675640058469,0.40234299304545335,0.08928940334659465,0.7760092911419648,0.8754508166949939,-0.9654892505306423
940,0.04040349623767429,0.12840409387027854,0.5323066951176274,0.009878252719659614,0.6976200401758071,0.7405958569421905,-0.7892373561801301
941,0.0003394440514429243,0.9462742836082453,0.8857510758178969,0.05162342528169894,0.6273283703335379,0.46223194190565026,-0.2158188168355375
942,0.04756384760786727,0.7007528326138476,0.17129826430357423,0.007401204594440616,0.9682373074804209,0.22035559057171,-0.0981236633919651
943,0.019546957776039528,0.6717568888179863,0.26433689158028756,0.010912845009954373,0.8671726022980941,0.9517528151605594,0.4573706551985295
944,0.010921060883525863,0.3205886655760572,0.9672270842278824,0.06728088186739524,0.9676731178805846,0.6208812080944165,-0.3511285145298516
945,0.02871790785783427,0.47417019307539515,0.896656228714169,0.07336047571468594,0.7506041070449376,0.5180650198000198,0.7627573581239011
946,0.04566772923947456,0.3511389511559892,0.7142395742174479,0.02902532632108039,0.7322952448146088,0.6117004436535391,0.7160047773131362
947,0.003330185995927336,0.3584353634139359,0.5092945847166427,0.08521285349194026,0.9560330404692977,0.3283458531045388,0.31327353275642533
948,0.015086918055826189,0.5749216355084945,0.9533016459955314,0.057764128092525985,0.6619576210128482,0.12353770533858185,0.780849903366547
949,0.004582053450801374,0.5535833391553945,0.018765298460808627,0.023542084355151968,0.7921515365809422,0.3095415889160279,0.1535471760917564
950,0.006600441763880212,0.28570571931545075,0.3870449522215453,0.05378575974427283,0.9497620943743716,0.5040459766383598,-0.4158243543710891
951,0.02573485916482431,0.739954490858927,0.04989822358116229,0.038623117617791025,0.9964081861837152,0.33323232738052494,0.7961747657105624
952,0.03267207234837764,0.7323645557860122,0.6094652767834661,0.006461322991347204,0.8927137619673564,0.36436137781867356,0.03922737314661284
953,0.02804402086555834,0.43804499040332484,0.8266378614673795,0.03035463844590406,0.9785724356847377,0.7817479605476549,-0.6494536930164678
954,0.0021915697905497034,0.1070870456677589,0.5182129698177558,0.022334311775115002,0.6103262700097504,0.28077661236617996,-0.3182224505134946
955,0.022151969351124134,0.8846246197602835,0.5530899115257425,0.028246687547159907,0.7605758270145763,0.9988713997267492,0.8366054037863626
956,0.009278133651265416,0.011067629336814799,0.6402700057215779,0.06291784107007484,0.9610396145742204,0.5409839465332892,-0.753430288829414
957,0.025583487262695527,0.9809929340136047,0.13228077032590152,0.0501539907870331,0.9769175477983942,0.06153066393928925,-0.12700103465214763
958,0.042474028401720015,0.9066120180625458,0.882265176392258,0.09684496432689182,0.6607359807040265,0.43834339419940915,-0.2710649623579353
959,0.02526052402682364,0.3992256738537396,0.041648341457225575,0.0724608063885456,0.7317870632365946,0.7652815350479065,0.41622772976545863
960,0.03740936370941225,0.9780757053218091,0.9378981559437248,0.08631209467570393,0.8062788588963591,0.6623530015762134,-0.1098014393264235
961,0.03635145382161774,0.14577997242368038,0.6790899319139857,0.02882620229703672,0.6929077446959659,0.7909577770656814,0.004662730401502557
962,0.009903826574577975,0.4196901428569272,0.756149700419695,0.05503069852949839,0.8119698478435893,0.6232382265547681,0.4922738203248014
963,0.04606017017632678,0.6920574129288797,0.7020941647758351,0.06741545853998802,0.7529838807438525,0.84821180382693,0.7842925800653797
964,0.012965893032474328,0.4487393511972208,0.5359117408718788,0.017713215733396775,0.8681720383618239,0.14921818231436995,-0.9056624967509761
965,0.012173130281716743,0.6671204003022128,0.7770209069800019,0.09777585497611563,0.8359804776809081,0.18040657867512921,-0.25898082912375997
966,0.03152655612503325,0.6947168020287586,0.7724042169405789,0.014951908704452769,0.6498125013953793,0.5732821308675223,-0.5154465954358861
967,0.02829311700482398,0.627045573668131,0.4111114134882004,0.06946831590749193,0.6761335554221681,0.120411502923341,-0.3318883561383458
968,0.037703097158363945,0.9038493448844958,0.16637211056704976,0.07428633437595013,0.7595486408462371,0.7153700546083799,-0.3013176679899243
969,0.01705949203274813,0.07730972279313703,0.6773906317880298,0.020279564766639856,0.6048018994638481,0.5977283585914833,0.6627222177958367
970,0.03606192732686043,0.007281512732702749,0.8881958360031682,0.09308182883802917,0.6557745825869903,0.8574292728302311,-0.7101990328715194
971,0.021123283062793055,0.34187886483873997,0.455093702070865,0.07612897345176894,0.7644129451326261,0.8015996667125703,0.9803605162875382
972,0.03663698604941927,0.29523502730049767,0.46712940074437537,0.006139031219492496,0.9399435011821463,0.9357307442584263,-0.8049676561278537
973,0.021884112089119983,0.19909255399213738,0.022005124037878788,0.08243449222910322,0.6193880134184123,0.29609358508461636,-0.4139888547912147
974,0.04711438910778696,0.42377260780670684,0.500490998024748,0.08402267445055095,0.8160272420381685,0.12176131668415849,0.365837482331957
975,0.027081832501340608,0.10982040964811338,0.8122403461833573,0.09062363235694026,0.7627283006513025,0.4162730714998537,0.022072324742214766
976,0.036171031947398145,0.9323942883641996,0.06234886720531928,0.07568555777616877,0.6579808414977226,0.5587702855309024,0.8929214748889267
977,0.0030091279102168775,0.6090695766518711,0.9815454595806046,0.022132767932833978,0.6729980928903115,0.5249251436545861,-0.20384222649235284
978,0.038149978699664626,0.7797127433434526,0.5576457355618021,0.020491654493302647,0.8247658917715307,0.6901504473633344,-0.48983449696297443
979,0.00837406729436276,0.053738540169963996,0.9127468034573903,0.07843844315789407,0.7443295626067991,0.29955183993203627,0.7016090954252017
980,0.030572056706623142,0.6615739060800874,0.6845444379193838,0.07667553042225969,0.6510234689186418,0.9760224898094905,0.6672344569469311
981,0.04364112704637566,0.37379259819429145,0.25504825488590444,0.09113429229017767,0.78936990573362,0.029293121348346978,0.8528161670368293
982,0.028634537552630984,0.9928389249299425,0.9719674377864099,0.0009013981008626662,0.6090930965039859,0.25961666392829313,-0.33754775088250755
983,0.010156177579811977,0.39576684629055864,0.3716265062103316,0.03385504379089974,0.6504158084968513,0.06523315974876458,0.5711334044464726
984,0.049637037677172716,0.7789521235073,0.4137702288827746,0.008827000130560436,0.6517586092570253,0.26080778773081925,-0.7668180090484475
985,0.04001084877804348,0.0935097365948947,0.5766766144218576,0.059388549744382436,0.6540438803222401,0.6673005305039658,0.7313026543784311
986,0.043162325182653866,0.6189497522398693,0.6585545229175631,0.00975479788003434,0.858245203113053,0.30279422856296584,-0.5018158844553504
987,0.004891639881084583,0.38194360890366436,0.7993470865083752,0.03898031904056141,0.8443053789871247,0.09530089174151844,-0.13859196621682224
988,0.011416856944029538,0.7818890426809049,0.1785088026904926,0.013441964821089667,0.8936071503558718,0.6373449875406165,-0.7558045454017953
989,0.02980326189972013,0.8616503406766777,0.6956819929762581,0.004875723711030199,0.7738294314231607,0.2644201309799886,0.7287911548123178
990,0.027021096911759218,0.16971497937483093,0.27501320338155066,0.004149308543637832,0.9440242874969154,0.8873695607715814,-0.36199730293132004
991,0.04899009811192751,0.7224250324057231,0.42649334423128205,0.07161971203753373,0.9544880437080852,0.8911416736900033,-0.032023591412812635
992,0.048107836886488974,0.2663514843290999,0.3852863583148482,0.07344653359860845,0.7856126276895421,0.016245376771797774,-0.2541398310867816
993,0.011268025817540758,0.05642797190606809,0.8776275033351725,0.0889648970986438,0.8379414470831387,0.0751637866242642,-0.7315229316016036
994,0.009364720912098863,0.4264808089005224,0.8901777016045241,0.07124345792908204,0.7192751136909901,0.49729845078890095,-0.3269526607612472
995,0.023621954094895987,0.3166632379108542,0.7538964142620511,0.017367221255832628,0.8849168497972308,0.7453861929057328,0.19801445401012163
996,0.029660909119149054,0.43995369252864386,0.7975639246564372,0.023471417705683242,0.8916385387059861,0.7125212228792459,0.27248992353196977
997,0.048325455124973396,0.9856396197744176,0.3927993954343513,0.07624070578911821,0.7143955432199631,0.6665268853913869,0.34802862881720165
998,0.0026898721726803174,0.4025161672215253,0.6906847293852012,0.07088844105617503,0.937671921942177,0.5363728844123804,0.2523415799303588
999,0.038484384597133534,0.2864220710054873,0.2785450584912312,0.007671894763000487,0.8644567560382269,0.47055456294114795,0.45318536104161344
1000,0.025361018919120976,0.05851042378641069,0.9964381365252318,0.07771777055864623,0.7484315546569948,0.6415912227232716,-0.08294196151351174
1001,0.018221029418229458,0.49664203218015,0.1384539944978729,0.04502969987994986,0.6820360228800758,0.9441487460224275,-0.8279697157158774
1002,0.0018196098854774319,0.30207002451137444,0.6980794163774001,0.03990186369514381,0.6881903212210716,0.41884546716509885,-0.4248865647433958
1003,0.011458340041621357,0.8523070581042782,0.29827917464858,0.058447467444334315,0.8237564137353611,0.6717951477333629,0.6640713758731003
1004,0.03997155932221277,0.3403932223639196,0.5443921169831435,0.06538198089598508,0.7682120657949598,0.1886339792667013,-0.06174445341009105
1005,0.012124688866102885,0.1749233081821838,0.30309085941570907,0.06516765416301046,0.6634731429124552,0.2046964181927243,-0.2692480687339671
1006,0.0071759405767227715,0.7434461965989185,0.8807015236912006,0.003494989109935909,0.7713941497232326,0.23192136850931958,0.5297125908292575
1007,0.03883274008065746,0.08022416152056833,0.8390986529427819,0.050571500671708805,0.7475308888538489,0.5319157445316847,0.09522510181955157
1008,0.01185652520448983,0.4710218632721898,0.21659296707619188,0.013393566084748494,0.8875931656474262,0.7521005757267465,-0.7472700718324354
1009,0.02233141798860344,0.28192644378966897,0.010225426038906374,0.0343675749509257,0.9696027956883158,0.528564024874504,-0.3778692678286931
1010,0.021540129043422257,0.639503902954135,0.7163931601862253,0.07916379410214801,0.8810168120180395,0.11838289288548336,0.2151316100001337
1011,0.04271874924989416,0.1483187432393147,0.832319879349051,0.04110127294314245,0.7727428557502583,0.4271282788153872,0.7530344305699683
1012,0.002949623372835948,0.20032913715038353,0.2850475218826891,0.02047434965927741,0.9196689677047865,0.8407499008173549,0.0780015317864946
1013,0.034307893845767795,0.48768435206840494,0.04577734661045621,0.07920703862440422,0.8617965701541817,0.7172297652443924,-0.8403062781651349
1014,0.0001331632439560275,0.4887671757868914,0.6526560151924027,0.03933760636262331,0.6307612958914097,0.6257653324222017,0.6371054921484649
1015,0.04013427371956774,0.15189559650206821,0.4928321960184081,0.04748645660739747,0.8841227688556981,0.1865926482581619,-0.5532478018289255
1016,0.002635913735229521,0.11131726943747046,0.0028674745518553193,0.09446982953033306,0.6596398971870996,0.10853809520059114,-0.9761540832753968
1017,0.035501451740437034,0.8607741448474171,0.33792095703173,0.08501023621364012,0.7329195991177799,0.48973209416979224,-0.16041594061810172
1018,0.00360774149500135,0.06390442421105134,0.8547498108180196,0.03404649760376104,0.936426489453819,0.5430057963677009,0.5545875112579566
1019,0.04290220661713574,0.6134805805287967,0.48846888661906696,0.03549897987660287,0.8628495084091216,0.8812231612197796,0.5926662621199597
1020,0.01899080790647766,0.549966293789041,0.6491333286585259,0.06591094576548742,0.9268946385976271,0.6093375195498038,-0.7162872884403906
1021,0.0193274662680994,0.9655355524682331,0.6309746674055163,0.06898570789402936,0.9635981111447594,0.600708197500864,0.3032077467714007
1022,0.024291234037056415,0.6576526772908954,0.8749662865439471,0.09662161805849628,0.6725281002938533,0.4492462538151056,0.7049674911059174
1023,0.047725012945578904,0.9595700902484441,0.8683520217261527,0.08040201569159715,0.6951326666570192,0.9678286752871936,0.5569796550215051
1024,0.0019929827684475932,0.4070826327972148,0.3748989002155434,0.018424798127738597,0.721618345410361,0.42256688584512575,-0.1952207426267356
1025,0.003725285000615203,0.08464398984141897,0.503504327305554,0.07084060264705597,0.7372724995206097,0.13570981625240622,-0.8562353096627744
1026,0.026943359513037418,0.5738952962111301,0.22981798974378198,0.013922271442731003,0.8082035895074753,0.30176326688878335,0.31183811148552976
1027,0.02461432121406362,0.7593283726418283,0.3425182670870004,0.05839053271019162,0.9760533815126148,0.6497854192243484,0.42559200913743944
1028,0.007835782016662825,0.853708471958454,0.23490096761767895,0.08387821635425693,0.7117897339019756,0.380423598399636,-0.23259090369195234
1029,0.02417575720472509,0.28004204955070167,0.39788236845733826,0.049584139585229246,0.9120104156177636,0.47601589193403915,0.20876143012487525
1030,0.017429902557555353,0.7836050719232796,0.7368194284287082,0.06878314462734635,0.7748647043705236,0.5299516078265893,-0.9024631839357494
1031,0.04275161424272785,0.41322859393301015,0.9056995990303891,0.0062791113193579225,0.8631576186872049,0.8199085600945971,0.7197975512334165
1032,0.027618039377142717,0.21878699900349244,0.9624639620685904,0.09257422709614928,0.7422946916351703,0.8301748629294159,0.7584701045591489
1033,0.005636052532699864,0.4859468479330083,0.3588526714606363,0.02786254162288107,0.6443497004809753,0.3084181511330607,-0.9850551966566259
1034,0.008604728861523343,0.5905766914341676,0.5291879398031596,0.08302164415048503,0.7377141167093169,0.11292791564140346,0.743057859460263
1035,0.017520995581324358,0.5253300683420402,0.15770861013977028,0.05773699768428149,0.6152295749348028,0.49393606515710836,-0.7148618290090498
1036,0.022865594154741677,0.14033325739743063,0.9455220888407954,0.07251577605690518,0.7079496715566469,0.3545843708820539,0.3695102073954206
1037,0.01451615035151034,0.3781320267602443,0.3211941972394719,0.016555688450033284,0.8145027910726753,0.5120109107487704,0.03246174031013482
1038,0.047208229351153375,0.2175115870824753,0.18713801097757446,0.06886399877615798,0.9585260124238381,0.88216590028646,-0.8592183637477047
1039,0.010762924178342195,0.3749054212240593,0.003966014303462428,0.001524893544324159,0.9922289277247418,0.1473250529980858,0.22932860594822557
1040,0.03317542791880703,0.9389639495452026,0.40443601144268243,0.08724339150882182,0.7613809593475397,0.8385711327544549,0.23245038694979492
1041,0.03817023212954429,0.004255849336004408,0.5225005173235463,0.023193551438879526,0.9333883077101559,0.9862719388221746,-0.957837169337147
1042,0.022549405669135672,0.45063819750893697,0.44962617138868266,0.0371248758734492,0.7122141095575636,0.4434895217194533,-0.047425187336468166
1043,0.005322742536212702,0.14264902596236942,0.5077523702066775,0.06485317865800277,0.6593724472869728,0.20588272782325026,0.39928837474580936
1044,0.015378872634421748,0.7143770024761608,0.7858284435663345,0.07662543826108165,0.8891840168915888,0.258065344071637,0.14869613410102445
1045,0.006310676585406742,0.2699531784968048,0.4330092527414782,0.08530931665664333,0.8138620141517149,0.5864416189446383,0.9936630875812047
1046,0.007096889942579009,0.3449831259350699,0.41926984084564856,0.08788149216804894,0.9666056410236636,0.16850885283350311,-0.4428018470354438
1047,0.00399773303507395,0.7516515156452931,0.5158242860999471,0.08074017920030988,0.8588121768507216,0.5086260732314309,-0.8009238248609504
1048,0.029329873218711056,0.47652793158005297,0.4054709372297309,0.030649062195053135,0.8027353733809498,0.4918025372822499,0.8203535690556907
1049,0.037767752620223735,0.2610741287698774,0.15336324096466022,0.027548497653241702,0.9315047243112107,0.3172050831698789,-0.6004330004709882
1050,0.03728413344525964,0.3296387038373346,0.24630578489921595,0.059695889198275114,0.9730167260749719,0.4120197198788383,-0.037218718466642486
1051,0.0008392638680395262,0.5320797150468777,0.9804282032732257,0.015408117778101077,0.7391420063522068,0.15271119688564008,-0.36695386038585376
1052,0.046723728313443826,0.7263943946564556,0.9539218723120994,0.04772529368646951,0.6401000715570585,0.7893115282450084,-0.5354623711636182
1053,0.04092386068682663,0.012506512551193325,0.07910839603526237,0.05931989073540789,0.8051956114474638,0.649064150920103,0.9604136450921654
1054,0.048543353021061615,0.6794289833507342,0.7635750025359592,0.05262553969411209,0.6439240122947936,0.24199303621910845,-0.2440141992761573
1055,0.01673716666333599,0.821226759359835,0.1875086633285016,0.0718570127185793,0.7984640767228869,0.11644421955688053,0.7268949045979252
1056,0.017136673319186547,0.5861995758363044,0.4868584804935707,0.01504649169434662,0.8419791706443513,0.9290210724534025,0.13456896995491907
1057,0.013886967782954793,0.009167809317410864,0.08276138516495868,0.06814015317027387,0.981363001591399,0.6995259147059694,-0.4956845507730706
1058,0.049567687752165135,0.998650471489466,0.5778520775419248,0.07014947553893479,0.8945683732857483,0.03372471755330887,-0.8312761874034669
1059,0.007931623262346869,0.0798114902646451,0.048554829031185014,0.08425672738860983,0.9109577865013577,0.45155746101831956,0.15521283146791065
1060,0.0001614621125146882,0.6072200812295682,0.7495544855958298,0.07505892219285132,0.9202798332029157,0.9269180640769439,-0.2489056552511697
1061,0.01521398850861383,0.7927776778662704,0.8609356958393976,0.0683016845858199,0.8339557763262759,0.7732778444330577,0.5020558498986554
1062,0.00042666737977393787,0.4557944458503999,0.1765616331659074,0.06380470898407961,0.9955743262607463,0.4697949571338182,-0.10704578654105046
1063,0.030756208707955857,0.5678016489227806,0.34737116357909326,0.01078065633396224,0.75517356391715,0.7550913990861143,0.06530985194721595
1064,0.005469911524065535,0.4424885726931109,0.45746754539564116,0.07446832043487724,0.9301753588726211,0.7628936098894257,-0.8365452275974118
1065,0.04426777108778427,0.729303176045474,0.9776499601000461,0.002745539013909306,0.8012028141909973,0.9893508050317817,0.08981010289210634
1066,0.0298719619828183,0.6817639417157604,0.9653375917225847,0.09237266907269276,0.8387061495725655,0.24770046430518838,0.0692043939040572
1067,0.021795748629880582,0.4599320400321043,0.5331475555817882,0.08325876953645399,0.7657707494123673,0.17438524969420824,0.043532579999966625
1068,0.008091574224832157,0.8544105720827152,0.7078380949043401,0.07594064106599824,0.9579616028019258,0.34506632438006746,0.44654111275879615
1069,0.02257125149728103,0.951737082656938,0.7310517070131249,0.025379043029970558,0.7992821679578146,0.24443946230270658,-0.5498074574232275
1070,0.049495073300235747,0.7118050180080138,0.6651789105902866,0.08375601891852905,0.6303138925088193,0.28469193149319566,-0.08764637442833223
1071,0.04857275882144957,0.3971904476395962,0.6567729488035495,0.08029156771626866,0.8046643998331204,0.8861105409839847,-0.39280792982561874
1072,0.01923437269777035,0.42145818109725,0.14993365224920305,0.09553484604505691,0.624325248532461,0.015280547901826652,-0.6190581250566041
1073,0.031024861661783528,0.08710548911011465,0.7837587660352093,0.026843953604228307,0.6544932784775053,0.4050568729969046,0.6965584786141794
1074,0.00556521307040299,0.5777682400973996,0.362407021786858,0.0395114356727736,0.6875162984073366,0.7146704543710768,0.37593011041345625
1075,0.030912253184899926,0.03177994697796607,0.05292238483150619,0.003053878628580404,0.6862093860682997,0.5600605430063443,-0.9810841374295352
1076,0.03339729964402662,0.20874160239072084,0.08108712986542424,0.057124998145759644,0.6202976025223922,0.2338518880839276,-0.024137044281751674
1077,0.04501959030789788,0.3944733943884449,0.3448786403108824,0.019567050049103342,0.6423601286648494,0.6838172504911884,-0.5396223929415773
1078,0.025281737196994305,0.6556280510446656,0.49816098339213033,0.03370967860496141,0.6843999956282525,0.4004462336748016,-0.6996692979897892
1079,0.04553364392881334,0.7264917012608523,0.028023487218710636,0.051916781705132455,0.7520337636606274,0.027431149964257235,-0.6145779712090569
1080,0.045771425893869656,0.8403619313944931,0.15610578622437596,0.06795466637039237,0.8227569257871341,0.18320553293010305,-0.9695369543100905
1081,0.036152974774197696,0.8452167349834101,0.7228205233181914,0.06597584472749746,0.9645629718845079,0.06900254980828598,-0.5250841294922612
1082,0.0002779667704288311,0.3335832572176573,0.2147099433367492,0.04255262124419473,0.8418196883221023,0.971096744836628,-0.4333679420505757
1083,0.009104675868918766,0.6316115945999127,0.8640671534426249,0.01985787068118844,0.6827807945354631,0.7119612650150929,-0.4094639217599997
1084,0.01113803891363671,0.16831262696618993,0.18193509624353307,0.042631273161397865,0.6783183608827933,0.9880438447960889,-0.31931215532622303
1085,0.0415859916177837,0.839429575335655,0.6039836754191973,0.03757010664750613,0.623949030884511,0.39870398102406845,-0.5173683042524886
1086,0.04515217155596758,0.06112143425610433,0.3305618667751831,0.0010331123190076594,0.8429319353659827,0.16505676137213698,0.27875321822149535
1087,0.01263314962551605,0.4460835223388579,0.17465700596479775,0.08781207806543957,0.9740952751105326,0.24994170502240218,0.32884173182887744
1088,0.040625596720353596,0.13901029790783528,0.6722708439163081,0.09870667123917765,0.9557296561346383,0.9739890987457372,-0.642704006324001
1089,0.02331961249308223,0.3539820148557827,0.7573447828725585,0.09798080789101082,0.8675698011446413,0.3708289896395304,0.6078283699970932
1090,0.033806926134015376,0.3364796480766104,0.4802350098388158,0.019500081703812004,0.6459511401345996,0.256222511045545,0.2560796947744308
1091,0.021062660014823792,0.8857934628155228,0.09098508254358732,0.06546620959444022,0.9715595936028252,0.5835305610523999,0.8265554263583061
1092,0.000634865573301202,0.29118415727902097,0.16139670256950323,0.024100521145008998,0.6890919182367654,0.48596346310481103,-0.5853044471823725
1093,0.020629823841389366,0.2683519652403987,0.6498692784534654,0.0023427079594172087,0.8151870626916232,0.2792971188348519,-0.8690649974082338
1094,0.0319302059307701,0.8467542611671978,0.8143162531451142,0.03608629926709618,0.9241170790417609,0.8227567657145757,0.6337364437701025
1095,0.007498489976594365,0.3263471463615474,0.39526081418417086,0.011740014473449087,0.6773581299451191,0.1377861690948582,-0.5375674462947306
1096,0.021930161654144034,0.2890840697198388,0.5792156003017661,0.03801460868380513,0.6867402667239852,0.9695938143668865,0.5732307300817516
1097,0.0491783473144703,0.18636525114039673,0.7276023016313979,0.07109583691968928,0.9327777869809184,0.8470778513550349,-0.4629415813196637
1098,0.004684867016396568,0.015237974959757202,0.9576275104221017,0.09595482297920427,0.8829655726648902,0.07870151128176704,0.07344859200968301
1099,0.042611191981840685,0.5566046160227975,0.21376499688722775,0.0922856593678244,0.9798858809474011,0.6164760383608044,0.1838883932550468
1100,0.04942370665039948,0.36765011888828375,0.8049070694897343,0.009015435734621774,0.9569287485811991,0.3883596210269117,0.8564171803899989
1101,0.009515418274919057,0.8325561885459627,0.08651867693477598,0.09078506710398376,0.9449344025225603,0.1584914801351826,0.008352592012732973
1102,0.00618555806223469,0.06861276386582511,0.6478477536518702,0.035074392146777066,0.9125435416999059,0.05742836579670084,0.8820930989652869
1103,0.021364266578549056,0.20757496584021737,0.6917286001818452,0.041497756496483296,0.79471947724829,0.1973346144846562,-0.7983064251970979
1104,0.04440523258804275,0.6221591028339464,0.45928052101466854,0.0005356277302053968,0.793068246623809,0.6948093398632534,-0.036313108327983734
1105,0.040724779304008446,0.8134385473459405,0.931093808279706,0.043757578619068475,0.6007203462734048,0.8064527841305346,-0.7741298820044424
1106,0.00247186665542804,0.24230242412414876,0.17925113073074936,0.0016599522354626703,0.8500874629481523,0.9184809617871648,0.6475986105024989
1107,0.024146420213686452,0.9104012655958009,0.6115657705881268,0.06445109830925037,0.6572061289309967,0.9173161443398763,-0.00287979039331554
1108,0.045484539378331,0.19420928448963481,0.8377646371860207,0.05544398948622964,0.860640987349735,0.9905053583455161,-0.4843708451406906
1109,0.027754629817991552,0.9765744238870931,0.6806622144231145,0.02945344635581453,0.90211634368381,0.643320769909661,0.4856587949850979
1110,0.02972209958095462,0.5168321151107221,0.8075021549375321,0.09902722765240696,0.8297861750210569,0.4351612743692689,-0.3860914864810139
1111,0.007401836553427927,0.9052452963448644,0.47970536968969735,0.07751279605839138,0.9603983831543678,0.291561223380818,0.6920262455445336
1112,0.009198502405488506,0.9724155596710865,0.14283553162335116,0.08237754141913461,0.6257472244317972,0.04788811897195153,0.49818399835792815
1113,0.012413757935936359,0.09273007766257813,0.6819177009132498,0.09992200262992418,0.8785254776923637,0.7475129827937946,-0.3378892294830488
1114,0.033981690898452356,0.08251752570416056,0.34672384326270167,0.016086110844717495,0.6035121679111451,0.33032745322065193,-0.9208999880308606
1115,0.032834272591952374,0.3917897898567101,0.2839109262826169,0.01136155328301476,0.669253170083667,0.19484679673166982,0.8170706529098519
1116,0.02325794938036105,0.890007041705103,0.5188733329068769,0.04979755703839644,0.6688716839842007,0.24102356178670975,-0.3751086158971455
1117,0.01603618851382219,0.06510702637421638,0.5837846938612531,0.012813987461900087,0.9975327328621885,0.5488765043061231,0.30854546325329735
1118,0.005739021430864043,0.22937381428351006,0.13689830705128656,0.06854241147623781,0.7285101010398434,0.9613008057148141,-0.8497441153931853
1119,0.027516741347152325,0.6377170840204903,0.5746928418508388,0.006714848137293271,0.7170262019032522,0.5795921676362477,-0.10081693280716697
1120,0.03713530565942853,0.6116348270373428,0.031240908129374106,0.09914034575373923,0.6850196897862856,0.9416857237995228,-0.3247843896370748
1121,0.001904074423840418,0.047991708101205774,0.007957218390759316,0.05965645758124264,0.9191724000496138,0.0536696113247386,-0.39838196219691724
1122,0.013149121148665222,0.7569663116005332,0.9878434136126237,0.012455041749235486,0.723109211685906,0.1998904934518233,-0.20717329261338102
1123,0.03472387098207141,0.7616654954229198,0.7654322436968904,0.05874029890910788,0.9355071438815283,0.41560150315092886,-0.16760096795361712
1124,0.027864469142177436,0.9873609715897632,0.6462453779070645,0.0705647581960364,0.6803019634377591,0.2850477170731155,0.27535575818895497
1125,0.018837104647687147,0.2143153565150298,0.19405292654844297,0.045284129286511404,0.8172361810977704,0.13739309838460795,0.8382184446660321
1126,0.04024476419924105,0.04819436167223119,0.6327140452498841,0.014367707775042027,0.9833205920887257,0.8721027114968926,0.11972325650597093
1127,0.017249845809848893,0.5896912639257078,0.2624985401796092,0.005853792441642824,0.8191209664089139,0.8349625605513292,-0.9959168835841066
1128,0.004085319343152788,0.38943315452980015,0.94022785447753,0.04085541631760889,0.84503390445331,0.9205957346990812,-0.5780059833238724
1129,0.02486983259493743,0.410098370203412,0.7355686067165682,0.026087979357309554,0.9885631846744486,0.663336322795546,-0.7582349773707975
1130,0.0430457336015639,0.026937613095666252,0.22290049214003133,0.03326399843699832,0.7139104266121931,0.511859828727199,0.3590681024824667
1131,0.0064007947882729664,0.6198069491586918,0.16431243295797332,0.06574873967241622,0.7499545603916435,0.9821200947325375,0.8788195314115179
1132,0.02040525087528542,0.9954759567767145,0.7895196796834701,0.02567498737938692,0.8090078836175879,0.6584779897289015,0.45948204317546937
1133,0.039646795219331406,0.30964498055708034,0.5271869015681133,0.009152404250535323,0.6070955477454597,0.0010780046572895312,-0.7448969803700216
1134,0.018273539805569085,0.0893418527321362,0.19040658224147405,0.040787385110343084,0.7688702489879948,0.4990940233488989,0.4799473993803298
1135,0.04102186947590572,0.016545932731970966,0.551062320045238,0.05276385057093658,0.705974917365539,0.08120194737117356,-0.6221542873629786
1136,0.020720460393527908,0.43215795666569784,0.750708220295563,0.05348813108439791,0.9336076358117751,0.12957834721507763,-0.9425409033507696
1137,0.01762613602796347,0.7418157612975474,0.1889186904328177,0.017580474479931708,0.9425662096302283,0.3946875914672732,-0.8864754457369662
1138,0.02844832220654694,0.899400976450173,0.25737021895384565,0.08610908711927202,0.7027980370584058,0.6762344565109975,-0.31151247445931063
1139,0.026207962467714487,0.9700589185454226,0.934264364273818,0.05798074635615317,0.662810765354736,0.3488910385007977,0.31914294147780087
1140,0.00729014843413062,0.49843161271425923,0.2006704686006925,0.08365103727642231,0.838819349784136,0.8620135519060764,-0.43508062359838195
1141,0.049119548119503205,0.5844139713715581,0.9897076394614631,0.06670596942978428,0.8106499243166114,0.9753413279377632,0.9875122035547785
1142,0.022441761101334234,0.2797235255116281,0.08363667646677157,0.09349137119016432,0.9792391125374469,0.037904561602002604,-0.704558731671812
1143,0.0022928182672570796,0.7058304032980834,0.05897354563812269,0.03772094709822438,0.7226402842474949,0.9033350872718043,0.8652132865620765
1144,0.005823067967441226,0.13620810795217814,0.9515915735531194,0.08707373142985449,0.9823524642918857,0.8101510402199837,-0.6682176281670495
1145,0.03443414382251215,0.6051619850691694,0.5649604900064078,0.048516706633798395,0.7803214072459399,0.7502019862930731,-0.023414153386604575
1146,0.014764485653338386,0.12140040904352718,0.24971411853667413,0.05627085981270849,0.6988292563045453,0.8783035688781751,0.6768490502643467
1147,0.030176088762744538,0.11486301227699809,0.6431651807426969,0.09478356857646227,0.9656262969385025,0.5942530679916362,0.575281149249891
1148,0.005067728018601799,0.07476275848606355,0.04437050155650127,0.06702564628917523,0.6853674521820374,0.6202213443379183,0.33960153262857284
1149,0.0180756671138587,0.5387644254403117,0.9005566499815394,0.0395441929212646,0.6910065330104032,0.5010034887184635,-0.2911561254684789
1150,0.019871747663231746,0.5580338986481467,0.8506181919781922,0.03476506789302566,0.6283619583668298,0.8943775923740299,0.42962452545752194
1151,0.0012631836606258667,0.3602899703386424,0.7906070804476848,0.002919264309127825,0.7899210180068245,0.13319242450789345,0.19295511300377988
1152,0.011288379556295398,0.043071002800608923,0.4249841529947369,0.054186888013979174,0.6897443783125101,0.6871959396123762,0.4453763338009813
1153,0.003770610993428162,0.17892316096304106,0.869160324801824,0.04338737981274757,0.9952064896513013,0.10392912659303956,-0.016647819422132337
1154,0.011781994135210425,0.15252502480316055,0.0651032522229698,0.060886619726085056,0.7074648664453396,0.27679033459199526,0.9131362572473689
1155,0.009019736028166985,0.31862004061437615,0.504457983989612,0.08003622484121413,0.846623317659831,0.16309478071808475,0.9222681782085933
1156,0.03039122315396652,0.4443852773177092,0.008158727940968105,0.038322284076806566,0.9069199519071917,0.7209701649939009,-0.8816080110074216
1157,0.03502387259647637,0.521591550908456,0.963787908173797,0.04474799323597847,0.6958311755601099,0.02560084503231526,0.2637858140454661
1158,0.032230875815616795,0.8949663249739775,0.4441426112463914,0.05403050800385061,0.7151871063600317,0.7332337457057168,0.6544631860207737
1159,0.005855116157261361,0.7478621532412483,0.18406552136708876,0.08753356368563041,0.638093975969819,0.575555542842706,0.028844240079583194
1160,0.042127119050603935,0.342557998025901,0.9152469226908891,0.08654308977901207,0.8769786080858273,0.019600814529854835,-0.08823585402811751
1161,0.049697106995118444,0.7613478842185617,0.9832931299720065,0.022514889098768254,0.9851957395270835,0.8033753454447364,-0.9480830438895856
1162,0.03758985712630142,0.7996040168712153,0.1931077902250175,0.019112751578424295,0.847899158789307,0.6887059312592438,0.807717045880352
1163,0.019477240730047498,0.54203492811652,0.06316535122376467,0.020660083508506216,0.8710126948797479,0.8371558592142394,-0.06683194533232306
1164,0.03700036357968033,0.4302089611863131,0.4276218768284885,0.07210589292731467,0.9304924884801467,0.5246650264594166,-0.29311253859759623
1165,0.0009307904549535802,0.808808679365958,0.16760443200973743,0.09101927996527576,0.6299056625136314,0.4288792375648733,0.38800391209009666
1166,0.02217611785473582,0.36621368117837927,0.9940194787769863,0.07299435619968968,0.6122307698590974,0.3418304901677866,0.16268555780856908
1167,0.011618256094766933,0.2930769861428031,0.032627434486191466,0.0640379288657623,0.9537930890745184,0.6469844107317961,-0.603669862228442
1168,0.02268806415976353,0.1347270453007112,0.614842098893033,0.09033807035414806,0.8688429254761001,0.6647843804191936,0.6140385680201086
1169,0.024489608910645912,0.6449218725998151,0.7119119924444653,0.07220440191946681,0.6939230509605333,0.16415231739268693,0.10183432836619333
1170,0.03953894900025436,0.22161365661044816,0.027166790683746393,0.07034543796004841,0.9883092354835352,0.7357788644160868,0.21084196277846523
1171,0.044703082939062305,0.7951921559137224,0.7208445824109626,0.0918385818013312,0.7839719870699101,0.7973405638328037,0.17955436173226147
1172,0.024433759077516777,0.9015917757161406,0.6963313708092135,0.09709144277395103,0.8490064313328656,0.22197747619351063,0.22165392293800412
1173,0.025143378316476846,0.4082142648813504,0.8597342024561387,0.05434511653056978,0.7547621903072056,0.6805425497093395,-0.6791034386770306
1174,0.030811647636989355,0.5436956643485715,0.5921315125351436,0.06363861307314664,0.6317766806033465,0.7704831668458328,0.9923325759861825
1175,0.030304744037126442,0.33798553799457726,0.2535830627569766,0.0072197974574287034,0.7486314784373125,0.3750617860674924,-0.855761176843501
1176,0.01487840449808727,0.8028424330650844,0.33479401131159003,0.057364039036542185,0.87597522885535,0.07255731892798872,-0.5937478333932612
1177,0.049786741681949985,0.6044046062363888,0.6227780465965932,0.029293429059635053,0.694714372586951,0.2533129645600801,-0.22974972530905846
1178,0.006339348028227877,0.6160797369206749,0.31828443555464714,0.020044157961004158,0.7159864465665191,0.13028319054412013,-0.4811669457133886
1179,0.009836783084018414,0.5285614604239489,0.5911080745230064,0.08853332182762275,0.8028930525960284,0.7408782985214897,0.48398535786561236
1180,0.02782998817257605,0.8681116081666241,0.41515988668468373,0.0024294188825756684,0.9626457635578438,0.8048185853382066,-0.1698723054703727
1181,0.04827136325999437,0.4927825777285884,0.24298477717837394,0.061810007115062154,0.7816654484842549,0.7744495225622166,0.610153010185106
1182,0.04192900924995025,0.8194323975496347,0.32532444390300413,0.0032644995800186318,0.664206669318204,0.314011599133138,-0.3587165985631403
1183,0.035978700722247535,0.29719323542460796,0.4365004594176751,0.029968053702745207,0.6980139445833897,0.2958259101669968,0.9568765332588893
1184,0.04178734481049899,0.9680886011118979,0.8624748358297637,0.07820055600392077,0.848693004058638,0.37856187232226607,-0.19882245164998802
1185,0.03367162362742473,0.6908818774384033,0.0562163439034285,0.010209967501298961,0.9051273301843783,0.5926784289526389,-0.5709272221164478
1186,0.027196315901488133,0.6698935672016856,0.8658414151844485,0.018647040222434446,0.8842865940553677,0.06841503856048944,-0.8025751176797828
1187,0.014321508833856925,0.09753088341894885,0.4342328339211652,0.08560821732258694,0.7788654151929165,0.7226636037318811,0.5620674698566561
1188,0.03590861955661572,0.562849751396834,0.5369898109639805,0.060496025064019465,0.6055510941224621,0.6792085940698755,-0.6928006515236371
1189,0.013993830248310838,0.05503028797879755,0.3693468676611843,0.0093181865692678,0.9936609766442843,0.4997495735801856,-0.824301804916557
1190,0.04926106983627712,0.2486355826455455,0.0726644140527048,0.06634881430149557,0.7515871810993593,0.40457496177485525,0.5949120040403986
1191,0.0030812314308190265,0.4157519907359013,0.9361661832081453,0.031105626453823216,0.9271645931170669,0.03677393706940656,0.7888295626946835
1192,0.03189691416769469,0.3073605466356009,0.3813239953113999,0.02694718790990901,0.9168731482662538,0.8632184639939331,0.29332275470668145
1193,0.04437984030630901,0.65144597192873,0.20752142591372344,0.023810654974020483,0.6145946159583402,0.009717394750678813,-0.6574557919588631
1194,0.04184629202293028,0.5632497062884828,0.1239982099237103,0.06710475575888337,0.9030626966480554,0.0039016134084639453,-0.7760367982385712
1195,0.016555366938283408,0.5800186254841998,0.20965108737323399,0.036634915775886956,0.7676780601298676,0.5722292983577834,-0.5668448179459497
1196,0.011526619934146857,0.5092546182121388,0.985816787965231,0.03457207207235801,0.9673458066773387,0.7368101284057169,-0.4925904340272612
1197,0.030120899931423997,0.7355703254245962,0.07581887349057566,0.014819160472772638,0.8805585330995744,0.20906533201947078,0.6258630414938817
1198,0.014465650051250568,0.2763009100136233,0.48328143396676476,0.018862663232201222,0.7469096154889077,0.4844345372501838,-0.17954994286453752
1199,0.013387037171149741,0.07009400708129071,0.03780914834636504,0.08157288675720384,0.9018345075740893,0.82797643229519,0.09125041565478687
1200,0.020676284672794962,0.23231024263038366,0.8183935149513663,0.05099170172215955,0.6967337541106305,0.4536814989987187,0.08602576865734135
1201,0.04150276402648167,0.8923375910276045,0.4541840523878175,0.04028970504898777,0.6526870701458917,0.23720716406210063,0.5828971204705629
1202,0.016328690564053894,0.7155574669440807,0.24140508040519376,0.09497117511568261,0.7669483647741173,0.32276024060451325,-0.36399771858439023
1203,0.023175733954361438,0.9750548196675234,0.09429320826303751,0.07830878198965016,0.7177061584648641,0.3926960711715536,-0.028184047775395404
1204,0.04884681029870602,0.5152313639340949,0.15994793725871123,0.005641896398684447,0.7657271343225286,0.35856095295179297,0.87092560607635
1205,0.023790154917768834,0.8762336453495265,0.7744142562889152,0.004570844116643749,0.8983106628967064,0.10973828027977871,0.8126083746622641
1206,0.01967303650581898,0.8580980908580579,0.3133605907372308,0.056735889740545775,0.6610657770930941,0.6970239127511042,0.7466040098266817
1207,0.01403920751805412,0.9154825144047849,0.9482758960778283,0.07179597251269298,0.9479263908762314,0.2977112729967446,-0.12048071762417256
1208,0.004195234974831828,0.10216480068752641,0.12606756477942313,0.04803758979379891,0.9505932629421557,0.37185094818462183,0.19506186143673565
1209,0.022980497859881818,0.9561230155245901,0.5709045365272883,0.09285689637607891,0.8775942247321127,0.9115581670255175,0.6188895098697531
1210,0.017336975423786573,0.16719647702526014,0.2707118042181548,0.07417835068354103,0.8615799680155249,0.7436740623492237,-0.1423679219851851
1211,0.003217460744836897,0.005579469965914443,0.3837639801511028,0.07472809012726346,0.8112532865560453,0.8457089685784632,-0.8222099853738716
1212,0.03486746680574548,0.9099546608310688,0.22189028686926998,0.09734025766321319,0.9416105995298172,0.6990790470944171,0.8685235083389791
1213,0.018570272195263658,0.7677824897292936,0.9139660941100508,0.08166009475850966,0.7386915728764314,0.009491396263319296,0.49550855322253584
1214,0.036664923668385106,0.8167983306012787,0.7127933204266116,0.08684547400904974,0.6015474859204892,0.9801993272360585,0.5223953612405161
1215,0.01982076572972511,0.6721063148298472,0.3145252392042501,0.04188915920611084,0.9487708903406776,0.6548765381204649,0.2842979213649588
1216,0.019086020900066024,0.33136562797970354,0.4310164229266261,0.02485807043639636,0.8923119107225168,0.6278783544143719,-0.6080400313902341
1217,0.01781012118382075,0.7308586716989335,0.3190213783483471,0.06501575720762769,0.8657128719928184,0.3554456679008985,0.46274894575951775
1218,0.038983283026784374,0.9194300693211822,0.47639797166232,0.02650631612022052,0.9598352567213011,0.8917113857513459,-0.05792468874548107
1219,0.01878941773583882,0.12994422693306001,0.8283383462809526,0.04057642140776836,0.8530127449836369,0.08907417284840881,-0.9105313629173427
1220,0.022771071312361946,0.6891699191521151,0.206312581632106,0.09634080872834405,0.709456681580189,0.7573596001816136,0.20638486768921194
1221,0.041106553372916944,0.22297618690405283,0.2583663912500953,0.07725992837035885,0.7016081649038806,0.18178579869151185,0.8970075399332913
1222,0.04622268575657772,0.2837413550170147,0.8938798379665641,0.018216559983404677,0.952390265306622,0.17546518410727782,0.29721437521474425
1223,0.021664366250654224,0.4656595265127864,0.6098705165925238,0.030555886490350567,0.7694232657981324,0.43867577856488726,-0.8674886329144288
1224,0.04373211342407163,0.6840907966717812,0.6866783495604659,0.08924774892015261,0.608119333909941,0.26934934215786577,0.93846293553809
1225,0.04626870763578896,0.48987026971903724,0.09808893071567917,0.09410988204931912,0.9451222021573367,0.024751404913522183,0.11064092309996298
1226,0.0007684798612615671,0.05011412739996765,0.7179172561971967,0.023205355852858447,0.6993004779697843,0.1788416955265497,0.03384633539001447
1227,0.0028020191671612278,0.5220632774773759,0.30496948223482984,0.028777249495416837,0.6410191320237256,0.17615721975811582,-0.1772134790438169
1228,0.014999968216291718,0.3144546131297269,0.10948548739025066,0.01300266127838127,0.8512154020324815,0.8674750182594904,-0.2815551322703339
1229,0.03833349632043153,0.4929966728820429,0.7467206008363257,0.039175554006110336,0.7305715146733881,0.6244885921487058,-0.6990891826526806
1230,0.01570329991562652,0.8788341584220565,0.43889876945745043,0.09040758990721881,0.6917455959037578,0.8353055979866607,0.8040009531069257
1231,0.03257286594650887,0.17285183225408646,0.5628232724099557,0.05511020704842517,0.7907797315219306,0.5450178253851925,-0.9976344697688814
1232,0.0006592663237447345,0.9245180152090008,0.520493028034819,0.018289976535948552,0.9493586479385907,0.4401707002839766,0.8752025407796968
1233,0.015337403513246278,0.2783854005441472,0.2512047097372411,0.03247401907272583,0.8507641659148497,0.598431125021671,0.6757601386634959
1234,0.04538197526140284,0.041036964379321486,0.4002823910764311,0.027516181795744228,0.9773178719058275,0.5548043634072684,0.2031106906229183
1235,0.010447013037249087,0.12685095320985246,0.3500547756082913,0.016860681241895974,0.8205912583296768,0.37752556146689525,0.3817010100340841
1236,0.02352869141005259,0.8498885743356379,0.9691214389850537,0.07639352668992462,0.9165303102263694,0.8714471688769554,0.6803208060775741
1237,0.03110181585181644,0.9086279190022558,0.09979769494151723,0.04425713508490668,0.6460947492589352,0.9524126298162191,0.1404561437731584
1238,0.004011624525852108,0.9332005210191393,0.8491122885909739,0.04709793352959393,0.6404289800957594,0.5840165438814304,0.25907971749692016
1239,0.013552579113214658,0.8350709539759047,0.10609100616655903,0.03569758257299103,0.8306836209611927,0.3812875580099922,-0.6312267412192729
1240,0.03064510700234754,0.1035007869551383,0.5608395644667475,0.027092370940348904,0.7348229284503675,0.6295317938153293,0.15965479970711693
1241,0.03830074754813229,0.5112123048967856,0.7535133670571021,0.07943698725623309,0.9159124711002375,0.4107626772947235,-0.1497741043243228
1242,0.03554224080115838,0.09585678185676846,0.32754171484784417,0.037438047027052127,0.7538389864752225,0.34595223375396217,-0.18771909185301305
1243,0.013823785989692184,0.5403681498456522,0.21972801146963292,0.09925471596948165,0.6658435328066,0.6076722990728298,0.2694074372635895
1244,0.04525576894450853,0.21938339028089068,0.43736421918512924,0.021779047193248944,0.636228173212629,0.3534102910535014,0.5047713731405157
1245,0.026621755688708983,0.6349449912531658,0.2757513219084488,9.353291023715869e-5,0.7780886111582668,0.6913502424159916,0.2243046467083356
1246,0.0033637149161323218,0.052706397868201416,0.558899950601594,0.08741651138418821,0.8778868840295818,0.46654705371925004,0.45028072154251153
1247,0.01701482912383341,0.7080693894622269,0.1709538164353091,0.09626280994724468,0.9056274059333662,0.10077684145926155,-0.447240649594424
1248,0.04416974267644947,0.3168913699149026,0.5135832291466917,0.029785968994848158,0.6807499919606456,0.5634793952822229,-0.009258477462766646
1249,0.001334293164440276,0.502921353555539,0.22490889560422683,0.06617960098497058,0.7034302741929999,0.9849269748382888,-0.05493701722483313
1250,0.021292546925457116,0.6928915145058625,0.626302708362815,0.03155003949498796,0.9295003138538902,0.9140158625776259,-0.7390799950835449
