GDP_1st,GDP_2nd,GDP_3rd,GDP_4th,U_1st,U_2nd,GINI_I_1st,GINI_I_2nd,GINI_W_1st,GINI_W_2nd,LP_g_1st,LP_g_2nd,EE_g_1st,EE_g_2nd,EF_g_1st,EF_g_2nd,FGT_1st,FGT_2nd,em2030,em2040,em2050,taxrate
0.0006381163956966946,2.92485142940418e-5,0.04970036499422691,0.6165332006513049,0.008986149584487534,3.655369652200678e-5,0.1580457287007812,0.00014229406646243224,0.27167529476591046,0.00035786545009424195,-0.175749088039984,0.019976014189716836,-0.01834887510935088,0.0012100955675994531,-0.009556958312374436,0.000869631752891507,0.001803437179797347,1.66101197646833e-6,130.8012729110159,147.67835497632703,184.3350266421562,0.0
0.0006391637136011264,2.3349590094695597e-5,-0.3518392099840502,2.3771216465569163,0.010432132963988922,2.71380757156048e-5,0.15986139285991563,0.0001853735533375493,0.27307718354212235,0.0003803065041339262,-0.19257556752243166,0.029101210664251267,-0.014200687087212782,0.0008559118000019033,0.01829092089507856,0.0018956917300719178,0.002084816426581873,1.1968817455172232e-6,121.13769232187722,147.13309605961416,180.6258751250618,0.0
0.0006494266784334974,4.035027600959635e-5,-0.7523616187289567,5.779690657015619,0.014185041551246532,5.177677562326871e-5,0.16062910932175772,0.00019420782955957992,0.27667067644736404,0.0004725476794251107,-0.1833165017317634,0.018743211022388583,-0.014278810490402674,0.00042831811890929687,0.009513672017448424,0.0006354072634426295,0.002818966558672814,2.2895828946976443e-6,131.8398528316789,158.00977313012953,183.03047041391582,0.0
0.000633666758889929,2.3299292643435247e-5,0.13727825467496987,1.0413114437194873,0.00897950138504155,4.4252134195136966e-5,0.15718661533670833,0.00018256697157484705,0.27035295488428424,0.0004861224152760508,-0.17971446145450318,0.024222992239015667,-0.0034114495115391474,0.0012709582862502672,0.01296396640376157,0.0014892594606038913,0.0018187558703076946,1.9529910552651904e-6,120.33435815801964,147.72252859885006,181.84179236227422,0.0
0.000627759637599227,3.2153412789674874e-5,0.008366404265637287,0.44892678015190546,0.008141828254847645,3.5294495537088344e-5,0.15680483568097006,0.0001579577403241546,0.2745071333514559,0.0004005833623790855,-0.17110143192444635,0.025046377959958756,-0.01206350248334076,0.00034669138761582365,0.012053173182643784,0.00043337482280139477,0.0016743315309425814,1.6553184650326686e-6,124.17057700069684,145.2864459244934,171.41886116491423,0.0
0.000606363415796564,3.0029291205851435e-5,-0.2805689272170101,0.8284276179517414,0.009869252077562327,2.6541079716835955e-5,0.15632494354860518,0.00016807352706816247,0.2683785639406528,0.000465367928239408,-0.17599544213676677,0.019403726757491593,0.0036743676642141195,0.0009974038265703133,-0.0036302911681695966,0.0004907238539974141,0.0019722011587135348,1.1895801340894756e-6,127.44612517367355,154.73456288277345,194.89605424806388,0.0
0.0006141910000929277,2.392533318272513e-5,-0.13865991909402442,0.18972107521158144,0.008458725761772853,2.8008541705140048e-5,0.15981078420512013,0.0001512929196600052,0.27733873363085676,0.000392369375364725,-0.19556725188730736,0.021505219169633587,0.01799969311417581,0.0006695339225116147,2.1816812858395875e-6,0.0007546546127220335,0.0016906622305593285,1.206362281663211e-6,126.85087800904243,164.80352622685064,216.7688661559395,0.0
0.0007006291082413802,2.204316816366715e-5,0.030102215816022935,0.14989820146627064,0.008774515235457064,2.7022015389350567e-5,0.1570318053899846,0.00018721064614333428,0.2689376100519351,0.00048341896251742226,-0.17850057274353962,0.021957563502815483,0.01451260817199305,0.0005302654031207665,-0.015201480573107865,0.0008768148249052417,0.00178526296415658,1.3506438350063459e-6,133.04121099275784,166.79122278713425,215.81745895777246,0.0
0.0006708862446171607,3.0519412313200154e-5,-0.34495116085153865,0.8412998829605733,0.008481994459833794,3.079948045552478e-5,0.1580415775318757,0.0001854415469743765,0.26875512951923164,0.00047063518956214995,-0.1813564420446293,0.009644729426366952,0.006216821974011837,0.0002880122341603251,0.0011114089924988027,0.0007900215481954634,0.0017177906125945307,1.4409533678062407e-6,124.64636546554394,157.501828018643,198.90279135996767,0.0
0.0006988791178273265,3.888568543149094e-5,-0.37102482388186325,3.31428060007409,0.01028476454293629,4.3438239458294854e-5,0.1597808174634454,0.00016582101691711625,0.2734463664413463,0.00046821345312991487,-0.18035798258357688,0.01756739886415258,-0.013582534599525766,0.000746335540414492,0.02723644531053173,0.0011590875970237454,0.002088056513333059,2.136913268984226e-6,121.46575464758797,142.21664391603053,170.82986405430898,0.0
0.00041036454971265905,3.089279095226987e-5,-0.28254156540640335,0.666636523278838,0.02253850415512466,0.0002497189855340105,0.15120999607835758,7.025823605194434e-5,0.23384457843878123,0.0001395357595857695,-0.18079944809666465,0.015178717326080508,-0.0038695180867133415,0.0009471235077967782,0.003180740445434181,0.00025155852244512826,0.0002840448702996969,5.221840877540202e-8,129.7262402265903,154.92870604342963,183.8821604321767,0.7111111111111111
0.0003527271836217257,3.10576413509252e-5,0.040794100040206165,0.23486903214753552,0.021549030470914124,0.00024712450600184664,0.14867983738586227,6.8465949989093e-5,0.2276476779446481,0.00013888488284006695,-0.18979049604624357,0.028627744219513026,-0.010896170302332408,0.0009012296838550569,0.01682186063733932,0.0009531211710225198,0.00025976018381595876,4.535924482283078e-8,126.28370965260095,150.25898019997715,174.7739830426849,0.7111111111111111
0.0003881593329284967,3.339507671201052e-5,-0.5032039263882745,0.9846582388152485,0.019051523545706373,0.00014612278239458295,0.14941438170615642,6.393755826739212e-5,0.22870822888744574,0.00014126117802314362,-0.18425813316803977,0.014936178659666158,-0.0028365941811821106,0.000305697253712304,0.0015307794394765083,0.002588212187165706,0.00021562615861833238,2.6111981923401752e-8,127.50163740881182,162.50726217665056,187.5811155713535,0.7111111111111111
0.00039641278816352903,2.635039215639897e-5,-0.18423666083439127,0.654499499705095,0.019924653739612188,0.00014612230717143737,0.14938858946237624,6.165788928630347e-5,0.22912434103199603,0.00014735101717698026,-0.1926751042989337,0.021235931570095685,-0.019310948113402036,0.001160088100425996,0.01714577260870184,0.0005524203757736703,0.0002913560930620962,5.655697510779249e-8,121.73227760575757,146.4297010216127,176.61207382837526,0.7111111111111111
0.00040824719669582714,3.7657909855768265e-5,-0.0977579972229442,0.29586032743422974,0.023944598337950138,0.0003525142554632194,0.14707577150563272,4.236764068192741e-5,0.22618369546117234,8.250533538710747e-5,-0.17855040744063683,0.03186776883167641,-0.006762971100089583,0.0012511761618718027,0.005641645159539074,0.0006703290973405903,0.0003093633162087237,6.906215086115712e-8,131.71148660334867,154.6797566729901,179.18035825005197,0.7111111111111111
0.0003875871048734647,3.061426297018257e-5,0.013873923370008034,0.5264625546508701,0.01939279778393352,0.00021706228131732842,0.14659344414800615,7.578270985280746e-5,0.22610082991158453,0.00017312058336413323,-0.166435656455015,0.015630037565421834,-0.012068020479086098,0.0007311589366757795,0.007400787488052241,0.0002093356810667252,0.00025371328482648534,4.615256064291803e-8,118.99214075888939,145.8192145651381,168.5819911864527,0.7111111111111111
0.0004147411105669506,3.206823538692592e-5,0.014435448824665482,0.6104053323086904,0.021392797783933517,0.0001896445035395506,0.1469073489639505,5.198943202513479e-5,0.2268063447217273,0.0001741225984891514,-0.17011668505458466,0.01364029312387279,-0.005145130521432252,0.0004150151433178963,0.010628978554372425,0.0006677353603691022,0.0002744165460070708,4.4944885075434924e-8,120.26467270123018,144.40301864234974,174.08690883458334,0.7111111111111111
0.00035726099113808825,3.294688670722143e-5,-0.24979464713073446,0.7412075752930054,0.019962326869806094,0.00025832657679285926,0.1486089401691554,6.878914105519608e-5,0.2291011216751571,0.00013158219664108453,-0.17920502657120932,0.03186390438822844,-0.009172159299226414,0.0019875229593669945,0.01005684473968873,0.0003197335909016065,0.00023164453518027066,4.470950611617179e-8,128.33680376993638,156.57023679304396,175.55537911712028,0.7111111111111111
0.00039033732030030856,3.0295805054298064e-5,-0.02662166024497487,0.23127383984452976,0.01991800554016621,0.00011000836934441368,0.14906262199104922,5.36966739486784e-5,0.22987824602654228,0.00010277333611644109,-0.1841367550210324,0.02485751652785881,-0.0016522090501596605,0.0004406027566707226,0.012798532330828786,0.0007776635799336812,0.00022220428200414407,3.049859146512658e-8,127.0848811132501,153.8528975188082,184.0868136574726,0.7111111111111111
0.0004079040651251832,2.697296716996242e-5,-0.20525130431847527,-0.13834178507558414,0.021159002770083105,0.00026998898122499235,0.1516912846417365,6.606459129010445e-5,0.23308563817600975,0.00014511570693141477,-0.18098195286715998,0.034388691550080314,-0.015780959308544777,0.0013079078453087415,-0.0160736514093799,0.00040468360746060913,0.00028963225175068503,5.30020712682726e-8,125.55906662706833,155.74151237814127,190.48607759212726,0.7111111111111111
0.0005686713521497314,2.4048425482044855e-5,-0.1956484381142937,0.8517184813598835,0.010783379501385042,3.359572299168976e-5,0.15933327054082924,0.00019131736714067188,0.25810193969911227,0.00043972858113677023,-0.1794021107823881,0.020266445097747485,-0.011853383433419946,0.0016768882303980636,0.012578345904791914,0.000559410003611392,0.0006926863260411074,1.6912417924224966e-7,131.06526610148657,155.8647041967339,175.9610433448065,0.26666666666666666
0.0005833367111325408,2.373504076200808e-5,-0.0723954744357835,0.39527708030788267,0.011286426592797785,4.829295413973532e-5,0.15630634207704203,0.00016615732700713432,0.2565250095149047,0.00030548136203814396,-0.18055574190058982,0.014503783665197261,-0.009055256884686974,0.0009827530750494261,-0.019470104719987665,0.001057592562407599,0.0007170374171154494,2.2713367510857878e-7,127.4395534645335,153.7409767217234,201.26432604968073,0.26666666666666666
0.0006160957993691445,4.049722184028682e-5,-0.1513091781197888,2.031344916669327,0.01790803324099723,5.056351862111419e-5,0.157892977906503,0.00017571928014473406,0.25922748348060126,0.0003955833054008784,-0.18266267920257975,0.014543596846239662,-0.013998479990739495,0.001140091214882291,0.011745112529858477,0.0006009882760706411,0.001130294411219966,2.9099644087367637e-7,130.7938828335428,153.0711365425029,179.2903091211677,0.26666666666666666
0.000619781867146211,3.390410982720339e-5,-0.15210801300072505,0.6046213244505121,0.010462049861495844,4.206102800861803e-5,0.15785790586404433,0.00020309424164839527,0.25848816244571904,0.0004073308385585329,-0.18615965097816156,0.027714716483531507,-0.002923154666766171,0.00034236201001725306,0.017840273963168576,0.000875026646688663,0.0006631039517568929,2.101080900718484e-7,128.33322809921793,155.11273114201725,182.45542803243916,0.26666666666666666
0.0005640186467311081,2.64406218028085e-5,-0.2509875821440393,1.0371978145587963,0.010245983379501385,3.476510187750077e-5,0.15450641101614232,0.00019486963648451691,0.2513301886486589,0.0004013077340159961,-0.18826686564859413,0.015884761774336398,-0.01027284046572338,0.001233124039384486,-0.0018852239017498418,0.0012717376157027971,0.000644744667722404,1.5980200795181536e-7,124.55730366260546,163.2904966312262,189.9734686347276,0.26666666666666666
0.0006348820654261788,2.3753115317506447e-5,-0.24291478743226586,0.5508843940516672,0.010854293628808864,3.892637734687596e-5,0.15628309570155843,0.00017113365188940055,0.256373860304377,0.00035671607551383415,-0.17743404757166323,0.019885819250613595,0.0014806517145936168,0.0007801763341371212,0.013184461060989184,0.001394179741225233,0.0006948967038791053,2.1577324738575088e-7,121.15648003821934,151.70754594657177,183.8895101552603,0.26666666666666666
0.0005498774105755439,3.130746029990701e-5,-0.07390325931397716,0.9917594848663431,0.01568421052631579,0.00010881155555555555,0.15947156828472214,0.00021118971528028205,0.26146386836329005,0.00039746119259712894,-0.18755029116590471,0.019974925568362046,-0.01862062895418784,0.0007333379761338685,0.007707718324380246,0.0008050275150869947,0.000960922262321402,4.019951459518381e-7,124.28433676073679,154.8323131216872,176.5892140797501,0.26666666666666666
0.0006407021684565727,2.532085911651226e-5,-0.07976976690144957,0.09627573056674343,0.011687534626038781,4.8904760849492145e-5,0.15516693982359933,0.00016386227400934207,0.25390717892766973,0.00039278605719902807,-0.17275836494076835,0.02141037588332719,-0.011213639794229555,0.0010115354281825812,0.006430666097667914,0.0011060475298026707,0.0007784109736521178,3.140985943453925e-7,120.12390039765964,144.37665190447615,177.9819897027738,0.26666666666666666
0.0005277482420043456,2.8196709004421097e-5,-0.09110552516547739,0.639980059510711,0.01212742382271468,3.634149584487535e-5,0.15779378060310634,0.00019974548882480974,0.25880444472165876,0.00039477998582768234,-0.1810054471796586,0.026556446764224268,-0.007958906628142078,0.0018497703882929646,0.029532389430706015,0.002707089078567612,0.0007689551991537949,1.64743054324374e-7,123.0665801525596,137.57256441507175,168.34964265837425,0.26666666666666666
0.0005424417370048655,1.9859973494629378e-5,-0.24734129003115257,0.7728971165197538,0.014395567867036016,5.904264696829794e-5,0.1562620833701563,0.00020509416853673105,0.25084069627094807,0.0004491147841006993,-0.19352091981833996,0.012285332864049373,-0.01035079642443638,0.0008060774822264975,-0.004673728842826701,0.000340011138392253,0.0009216844301033608,2.634232200398035e-7,132.52926030629186,162.35859168756818,196.50154741813498,0.26666666666666666
0.00047679829547649105,2.5978226642322017e-5,-0.4967172189096971,0.692801991747189,0.014749030470914132,0.00010800895044629121,0.15058574056194043,0.00013859519338562897,0.23615669871029699,0.0002777353472163892,-0.1841090620046329,0.034147935939413496,-0.005959317229493778,0.000943215761779619,0.003587771190486656,0.0009419959420429939,9.485319774172174e-5,9.37713039274045e-9,124.94459199766217,152.67958312264298,187.46438221772064,0.5333333333333333
0.00045865270081848017,3.24688731063395e-5,-0.3453548055104579,0.6800495347960989,0.013888088642659278,9.454344105878729e-5,0.15350610897240463,0.00012228254696646602,0.24090406977845227,0.00025924689252026394,-0.17160336706212873,0.02456183699523851,-0.011890298560063501,0.002504246928943817,0.014733327663769254,0.001391566692611366,9.829069640625334e-5,1.0276229818019335e-8,125.63310357105291,151.8008353382509,167.94259725754705,0.5333333333333333
0.000492347907619293,2.8850061904041063e-5,0.13342491984272553,1.9939591591604584,0.011338504155124652,5.553765220067712e-5,0.15025781748929695,0.00013811444148327412,0.2342547564861553,0.0002752450963889693,-0.17921225293677712,0.016273796830961827,-0.018004297194260076,0.000661007185772754,0.008141846138240648,0.0006148381210630446,8.383645424096819e-5,6.658439100443588e-9,125.19909941786852,148.5268601803537,172.64515331637085,0.5333333333333333
0.0004867783321839862,3.659723646730056e-5,-0.3965961330011988,0.9963544557456645,0.01657063711911357,0.0001232890243151739,0.151570609889355,8.894082332873754e-5,0.23985485920818772,0.0002144169144374486,-0.18553997252034465,0.0056659768896199,-0.017563004741685404,0.000979411224184905,0.005050022786753162,0.0005312798649441592,0.00011690018997651791,1.3471948514801801e-8,123.61121025965562,145.22890604056167,179.91272304621364,0.5333333333333333
0.0005089475298799763,4.529495095906695e-5,-0.5295820549311168,1.5718613612366807,0.020085318559556784,0.00015440114496768234,0.15225601886571768,0.0001377872019915948,0.24054894806929963,0.00025161750047821176,-0.17840713882652323,0.016333137088060286,-0.004148010432786081,0.0005640281531716592,0.009311214636961518,0.0006741918926918765,0.0001206498230571923,1.1568034282110566e-8,124.48309887228902,146.85744409192333,178.82472657514626,0.5333333333333333
0.0004336941631798999,3.240752026935667e-5,-0.09549175631425767,1.9273985593920138,0.016453185595567868,0.00016307005232379194,0.1537974574746548,0.0001350785242762201,0.2417366783477228,0.00028611603874087265,-0.1736446782227672,0.01742399895305645,-0.008315418326434782,0.0012769876281512435,0.010135048420174495,0.000940539350238615,0.00011855347606800593,1.0865052842561062e-8,126.38107035730631,150.95113041905813,173.01995501898577,0.5333333333333333
0.0004980389182484993,2.741686309417365e-5,0.11234304906318834,0.15819597403647245,0.013838227146814402,0.00010113197907048323,0.15432483666252025,0.00016342741466737905,0.2397645679063917,0.0003271425812048646,-0.17413274954691174,0.028560049021468293,0.009160577724906506,0.0015817258185757302,-0.0008607955010049357,0.0005212379129892641,9.906668463878343e-5,7.827143204511746e-9,127.40414506303934,158.9726916230033,191.72004030245168,0.5333333333333333
0.0005651565178968948,3.0723667313436216e-5,0.04652647837341758,0.9500479989131367,0.014600554016620495,8.921522191443522e-5,0.15186826632314623,0.00014842308080757806,0.24035783289335755,0.0003252644927272131,-0.19767046813998917,0.01232554968912195,-0.0038922551473681614,0.0003978969736106607,-0.0017412044003769726,0.0005809290786576175,0.00011261530129051288,1.7425414769867576e-8,129.8657861812463,163.45359817972707,204.9383733110123,0.5333333333333333
0.0005020078717279501,3.1720601051850544e-5,-0.29670383124450606,0.4018088079850428,0.01502271468144044,7.669648261003387e-5,0.15287239899281202,0.00012124780544649512,0.23936897108868838,0.0002650051924671482,-0.16810200292031838,0.014120148351315418,-0.008427532885332547,0.000615429293166561,0.006566985463300405,0.0016220419508065117,0.00010881545691042096,1.08144845344347e-8,127.59354407833023,145.93711044974253,173.80740217988395,0.5333333333333333
0.0004584289958768896,3.077623422227066e-5,0.10347659508263685,1.8990530576292004,0.01750027700831025,0.00012019269436749768,0.15063440439637532,0.00012712577237317558,0.23822659584756808,0.00019780155635076903,-0.19111912052787067,0.012080805890379515,-0.007479830334594914,0.0008002138630840243,0.01114102415187693,0.0004915773074116984,0.00011963866071611208,8.466035492315498e-9,127.25317043800923,159.64868508287543,185.08019775894246,0.5333333333333333
0.0006279810289723536,3.4110361684768504e-5,-0.06389123336359204,1.885291720877638,0.01420387811634349,4.6540540473992e-5,0.15649967574622012,0.00017636297571511572,0.2672824306941599,0.0005063742558635892,-0.17689838837039343,0.01714172885029638,-0.01107297560132202,0.000749662730475892,0.03598767130255573,0.0014263093970045895,0.002183827853706051,1.181253935156303e-6,117.61616319616913,139.54316351514237,159.86055294017214,0.08888888888888889
0.0006203774183567368,2.195293783381838e-5,-0.2851100867400625,0.9058937155882494,0.008926315789473683,3.0421333333333333e-5,0.1570232188899568,0.00018743208716005399,0.2676311367797256,0.0004449532010991648,-0.18679533147217983,0.01079299311593773,-0.006061901090488831,0.0010213570787303552,-0.007582431494184918,0.0005665911181602407,0.0014002641523590165,8.889165350375354e-7,124.942130809583,158.76389336010632,200.71845029624725,0.08888888888888889
0.0005924394641400246,3.093741226816169e-5,-0.032984638323051776,0.5518355109692998,0.011313019390581717,3.6234302246845186e-5,0.15799490866834473,0.00020028844673294373,0.27599834110815047,0.0003069097600890214,-0.1912253367972615,0.014719326008572028,-0.004178718760387996,0.00020057689254250738,0.01999590612170841,0.0011861993816221078,0.0017251037670498813,9.482040222604219e-7,123.04094254901173,149.1436626795504,183.45822783817428,0.08888888888888889
0.0006029215047151158,2.9135174487967296e-5,-0.14582450925448395,1.0806427469560713,0.0074326869806094166,1.860526192674669e-5,0.15564384002902684,0.0001628116113830129,0.26469433251414193,0.0003668924611099726,-0.1956720858442311,0.01713325200758706,0.002239523219953202,0.0003929541118461319,0.02173577312274578,0.002012383003727776,0.0011594203171956155,5.477944997003311e-7,121.42484992983151,148.8946732991018,191.09328326201958,0.08888888888888889
0.0006429085899358492,2.8500084419427823e-5,0.15791331243079496,0.8862805134137544,0.007647645429362881,4.401150138504156e-5,0.15461355651862468,0.00017219659989163076,0.2638034798051603,0.00037098544491398873,-0.17704556530106655,0.013635616930126765,-0.004777937919090459,0.00026770675949692254,0.008885355712676787,0.00046063432469313953,0.0012316385395154954,1.2900672075911114e-6,123.0117817853732,153.6092051983224,182.1504249495988,0.08888888888888889
0.0006490888450646602,2.1679707303886982e-5,-0.0809459919893129,1.0960488975399008,0.010495290858725762,4.088956109572176e-5,0.15670561736925243,0.00015652544047991274,0.2646055534731589,0.0003720468023721354,-0.18388669206779973,0.01496476126464841,-0.009148664104276035,0.0009244025352693745,0.011661301385027635,0.00019291180798181832,0.0016518363766957088,1.2457040499343374e-6,123.77861071897965,153.08557839141668,182.8602674679068,0.08888888888888889
0.0006162019086343019,2.0214240604891567e-5,-0.08912401472215237,0.6228577238068835,0.008057617728531856,3.4863337642351484e-5,0.15572882150927464,0.0001860944682593597,0.261402601384394,0.0004534372180723146,-0.1759290408817985,0.014419578326637154,-0.016447483090611805,0.0013989525215424698,-0.0022894457404391702,0.00039579970902522596,0.001275600877273288,1.0218743282842246e-6,117.39007533182242,144.55197530822406,182.38955700786235,0.08888888888888889
0.0006148356175527645,2.1568672249207067e-5,-0.2099873938635885,0.24371971711446383,0.010142936288088643,3.560929024315175e-5,0.15757484000579405,0.00018338962054898674,0.2638584793963428,0.0005558724881888153,-0.18244181389792608,0.01242246495434706,-0.03042863217076957,0.0016950092734703084,-0.0005636402111342128,0.0015071844545961792,0.0016136835437036878,9.298482347215219e-7,125.93690837154425,146.16411908266355,174.88754785551208,0.08888888888888889
0.0006485138533108584,2.6056194624849707e-5,0.24563808744877458,1.0311105689744977,0.008862049861495847,2.7446805786395807e-5,0.15516177651597485,0.0001857117130119362,0.26648981335330363,0.0004404140714655682,-0.1756671680322288,0.015893410071967585,-0.022660628157632125,0.0005145072232245901,0.0170470687369106,0.0019268336990107104,0.0013864282306514856,8.187550696561122e-7,125.50976309992802,142.56098262368243,166.29683657130565,0.08888888888888889
0.0006747002407829966,2.6027569826322456e-5,-0.25021627079471104,0.44139335889859055,0.008770083102493076,1.9369324715297017e-5,0.1582296812002515,0.00017906508532029855,0.26482109419528216,0.00045894229808640045,-0.18696080363617823,0.014626571706291822,-0.025122864231479147,0.001683119025981951,-0.0027375264017190574,0.0005606221778838414,0.001376797090278357,5.962898357971981e-7,121.63944180027573,147.75649681411457,182.60491844305503,0.08888888888888889
0.0004670346488511898,3.391080447668132e-5,-0.012488872013487841,0.9392834155773526,0.016590581717451525,0.0001548186888273315,0.15087621108848548,0.00014311496341761867,0.23364111988857605,0.00027630211552571315,-0.18362549499725525,0.028116243650916008,-0.017208964161543105,0.0012736423066829188,0.008249405272926837,0.0007174898425730898,0.00015848718470272852,1.545596016547275e-8,129.34746135662726,156.03313630770378,175.97018856414178,0.6222222222222222
0.00044441628237826546,2.8321907138086343e-5,-0.03870362076227404,0.1468470396709094,0.018732409972299167,0.00017865897445367806,0.15087782954246146,0.00012784734190899878,0.23509845223373887,0.00022428418942715416,-0.1802753383750941,0.03433074155106316,-0.01815237204949996,0.0009594355397719455,0.012058464360664154,0.0012839902700506134,0.00015344994975312988,1.4516815890868715e-8,123.21167265759077,153.99612110985007,170.64713338016608,0.6222222222222222
0.00046837897488045407,2.8374923708048815e-5,-0.07827500737067367,0.6151202955537363,0.020037673130193903,0.00015351768790397045,0.1492463786600828,7.780004026392913e-5,0.23299973758480869,0.0002045130003077951,-0.18199504409436787,0.013334952855126508,-0.02958546832118098,0.0008104075116860837,0.020518226194255154,0.001996361678310226,0.00018981930721762103,2.2566533947374157e-8,123.35828171705772,147.40942175633873,159.61013990813436,0.6222222222222222
0.00040798402257330967,3.186698260617014e-5,-0.46426437411941557,0.7155777381418531,0.018507479224376736,0.00018043419390581717,0.15051664678397508,8.543670880625058e-5,0.23386231583164005,0.00018189911255457348,-0.17898392590377293,0.028018822432673868,-0.002311385187659802,0.0011735743245365367,0.004921436534828008,0.0004636033807709075,0.00013703769281399108,1.2440633917541807e-8,125.12395242686587,154.35777189401134,183.2867638917078,0.6222222222222222
0.00041059935951941943,2.8091901104638907e-5,0.12385259242643641,0.37637705937407695,0.018630470914127423,0.00014952451338873498,0.1489781368165376,8.052747445500553e-5,0.23318900462028488,0.00015673468640558407,-0.1777445912069024,0.022891916731025003,0.0050538400308347,0.0007378158859827011,0.0008904435811307068,0.0008005845342366684,0.0001489300782826572,1.6524308165910807e-8,124.88248533050594,157.6621821914881,192.84866608724482,0.6222222222222222
0.0003886740121838465,3.253073329856201e-5,0.007105792416210072,-0.02748770893356367,0.022722437673130192,0.00025116730070791007,0.15207324891431281,8.896836373822642e-5,0.2380135054542576,0.00018211782103614717,-0.1786296372736145,0.021215563516467566,-0.00855696256018025,0.0007939114089732398,0.011231331347326309,0.000722495650038821,0.00017652071629213018,1.8542189274888845e-8,129.43771628071175,152.2380884998211,174.821285581455,0.6222222222222222
0.0004070208600738947,2.7461343400328552e-5,0.10923942162342215,0.3920084299455566,0.016920775623268696,0.00016378581717451526,0.1520235891811422,0.00011711669923883636,0.23907147380022506,0.00018598397850323373,-0.17203700716505876,0.018830254740901355,0.0023495396781391493,0.0008614019873549421,0.006126943871505535,0.0016971228527321261,0.0001472738891965647,1.4800671083817076e-8,119.47526965018595,151.27355430008427,181.59666937301722,0.6222222222222222
0.00039718729269729475,2.5055199738199165e-5,-0.4269342539956927,1.5339678194060058,0.015335180055401661,0.00015197900892582338,0.15324709553001983,0.00010288149731557644,0.2368877959019464,0.00020817267971942618,-0.1846082105319178,0.02422872520966666,-0.0210245743035695,0.000775553445168844,0.008279300596768183,0.0005866883186047152,0.0001381839825577153,1.3315428123885414e-8,125.7943419829767,149.57782388844208,173.8594115680007,0.6222222222222222
0.00044470775772572084,2.4704851232483104e-5,-0.09225353239150336,0.6483236298748372,0.0152797783933518,0.00011282117328408743,0.14722092899274355,0.00010673397457715918,0.23008431314116512,0.00018210280877621726,-0.19352526893736435,0.016056428282618666,0.003227428920768102,0.0035963198622267468,0.00020977982164256147,0.0005781858067206007,0.00013253017276993053,1.458756376231349e-8,137.82536810112964,174.90093772835797,202.17183499264198,0.6222222222222222
0.0004196624523406374,3.8424026561524705e-5,-0.2752515972389209,0.6097307096546758,0.02136952908587257,0.00016526495783317943,0.14775034511160698,7.984216419374088e-5,0.22897861815093135,0.00021503410484233811,-0.19433921469075766,0.03174388321727315,-0.01148325810703541,0.0013493764811595011,0.007426546906672154,0.0013282374630507593,0.0001663820632996441,1.7218403571678516e-8,134.21510674040024,159.3503725413157,185.74153988772846,0.6222222222222222
0.0002978299367861908,4.4347840301383124e-5,0.12076945595830862,0.8752954494468672,0.02385484764542936,0.0002844415389350569,0.15269585311609077,9.089268605674068e-5,0.23176184144333742,0.00021551653350779368,-0.1660158196683682,0.028661746972313683,-0.003009760757341301,0.0006892114371105601,-0.004348979794264978,0.0005272722135113842,0.0005852752760120344,2.813259889803221e-7,125.95631727894157,155.37987742367977,179.51442666546512,0.8
0.0003570072528383263,2.8610957306303174e-5,0.23966299386756623,1.7431727066950815,0.021737396121883655,0.00021149484764542938,0.1547072173300644,8.990123170718598e-5,0.2340708874839521,0.0001954943592122579,-0.1806044559179917,0.025222302854623464,-0.004340390647371254,0.00039733558516548694,0.007766702192981445,0.0022578872514414793,0.0005175513271577845,1.8896817192121738e-7,131.0201383382229,155.11294167697574,182.25756658441952,0.8
0.00029727827615320967,3.107315589957643e-5,0.15637216130158854,1.1600543649685227,0.02566869806094183,0.00025942548968913514,0.15189519016278788,6.081611875893132e-5,0.2310199052345538,0.00015825692253912304,-0.18580390317452203,0.016758571387091657,0.006751671381039485,0.0006864725480300764,0.012732601027460164,0.0010810922877761164,0.0006188214300161831,2.5360117046250567e-7,130.5863803253281,155.39281713571447,188.50794962002536,0.8
0.00032933091959053964,3.788195137311214e-5,-0.08865730469701871,0.49904900352946235,0.028632686980609418,0.0003635190397045244,0.15174737940221752,7.889898363914601e-5,0.23047465552727117,0.00016685151972770096,-0.1912927845207956,0.0186780060903666,-0.005985904118408294,0.0003608921784020715,0.014172990609591965,0.001607788075623217,0.0007762815174611847,4.0509903806664333e-7,129.80447847740317,151.50471034956632,181.73859588359568,0.8
0.00032039556411316646,3.134828534329656e-5,0.08698271962425552,1.424361389680528,0.022949584487534622,0.00033621356232686983,0.15544646542360158,0.00013109389493785469,0.23477560978908088,0.0002476760757675351,-0.16654579204930964,0.021377992305308836,-0.005793740225992941,0.0004532221523351344,-0.0029947178608492903,0.002625120918663754,0.0005429691820146571,3.3649457825147286e-7,123.2383765409551,158.770305614768,176.1600086387087,0.8
0.00034422064800435526,2.719692061832862e-5,-0.11000929913441009,1.0846668468621798,0.02417396121883656,0.00021047320898738068,0.15352545248338642,4.5072628154149936e-5,0.233604721835055,0.0001312182831414999,-0.17766625972688865,0.014925104608967189,-0.008966200597365064,0.00037026974104663877,0.014929581997740542,0.0006445092176915351,0.0005720747289772392,1.7128342905210452e-7,123.33100255857984,147.76826992267212,172.0360008739043,0.8
0.0003518030157168933,2.8303240776635713e-5,0.012790735081688865,0.32466873443418454,0.025925761772853183,0.0003250580289319791,0.15648683813937597,0.00011480616385321806,0.23544727700998766,0.00026833842135896494,-0.16767266465192732,0.03158889182235628,0.0013933877370789127,0.0007663490975458211,0.004318922116888615,0.0014148289801661574,0.0006923560568665538,3.4187165128843e-7,119.49437565894071,151.17299771839595,176.55371883349193,0.8
0.00031578644518827603,3.318591707347189e-5,0.08792929746479085,0.9251973946466414,0.025427146814404437,0.0003997780387811634,0.1568809165291634,7.890095189560098e-5,0.23737467841219842,0.0001840547452225332,-0.18073735322595433,0.02812855810595322,-0.007460952352257867,0.0010178479123233472,0.004922885566916727,0.0006265841475709317,0.000688501200026188,5.29575671728772e-7,129.04744395704355,151.17118641308556,179.35729807151972,0.8
0.0003285152681025448,2.5489093519116275e-5,-0.3669893274167716,1.4613676146131542,0.023711911357340725,0.00024896299661434284,0.15286057641855524,0.00012361561698576065,0.23070021743693211,0.0002478968434632785,-0.16867070553631042,0.05119767877991858,-0.005465295264359596,0.0006753614605737972,0.014971944740168766,0.0014631510197673904,0.0005793508809409555,2.3152679973514335e-7,120.94659923532342,144.2004481815421,169.853153578246,0.8
0.0003649016740389167,3.351766126601948e-5,-0.06933872862720081,0.20512806699973618,0.02380277008310249,0.0002492276589719914,0.15471716309679925,0.00012303973018974455,0.23429179894233013,0.0002455185977677489,-0.166631751282734,0.02170562346648552,-0.014865403725304057,0.000966685652694981,-0.002226147130699073,0.00041768372632540365,0.0005931538559507534,2.3044044226858005e-7,125.03094076020315,146.13489976740797,174.17761970941672,0.8
0.000556511337920821,3.0046427859833056e-5,-0.1862853687719989,0.3592158548006905,0.014290304709141277,5.8063933518005535e-5,0.1538677632045198,0.0001901973218056931,0.2482544446234452,0.0004054467676885229,-0.1703288250481726,0.02442619111957351,0.0017396635473877953,0.0007922245368960904,0.006331831347959995,0.0009564544049610565,0.0003587140140307911,6.179620626162082e-8,127.9999817793892,149.16432248132404,182.27329405645457,0.35555555555555557
0.0005419953788857894,3.222167265230603e-5,-0.24024621440170327,0.6922259586255373,0.011010526315789474,4.091466666666666e-5,0.15746592760339373,0.0001802690245795566,0.252491075396979,0.0003919807963307486,-0.17716517465144074,0.014234779495476408,-0.0022908542713431014,0.0004957570723005606,0.010613300841668415,0.000674814814060716,0.00026302388075038986,3.57063272824963e-8,127.05809623298481,154.3195873577245,181.07752983800543,0.35555555555555557
0.0005544323509553611,2.86986212588704e-5,-0.18919484184570792,0.7895675794453716,0.010932963988919669,4.2859604801477384e-5,0.15154578705170926,0.00014320673868433478,0.2462418027934891,0.0003247309129573592,-0.17870433825488508,0.028931406770151998,-0.008478050086047927,0.00023357845944131701,-0.0068905202746394134,0.0025314718029596965,0.0002824462179925115,5.676432398977611e-8,131.4899444467429,164.24195360333727,191.5582871440349,0.35555555555555557
0.0005769063606897701,2.7529033497620422e-5,-0.287137070470219,0.7580452478595272,0.013687534626038785,0.00011571276084949214,0.1552586710045096,0.00020026688942606705,0.25010960777070285,0.00046594406781707057,-0.1771767437949105,0.008422201910989599,-0.006443573074204686,0.0015643423159932292,0.005944275704896414,0.0004700388877076867,0.0003036956024619099,5.5181396150260015e-8,129.19860910067752,146.08624224010637,179.22954880832867,0.35555555555555557
0.0005770213608699054,2.776307113158791e-5,-0.17570372617431215,0.4747250601927795,0.01205429362880886,8.326326623576486e-5,0.15629189524941828,0.0001845800068781331,0.2536356825211598,0.0003274846539501438,-0.17976151437552218,0.015928414950263346,0.0016928928674191438,0.0014578642030600272,0.0171952126886769,0.0011843687479102677,0.000280942762949948,4.718925306088825e-8,127.02069574373485,160.68621833586388,179.48808917992778,0.35555555555555557
0.0005662542179358382,3.17434950496998e-5,-0.1391281515736921,0.6468224526435549,0.011949030470914128,4.41573948907356e-5,0.157148389001582,0.0001781661589190281,0.25166543770179656,0.0003331200271411357,-0.18650932966864392,0.016371211755131718,-0.0023334105571823183,0.0002156443797853526,0.007924884931889312,0.001031315785437619,0.00028532303213283516,3.265491591510207e-8,129.27984482869545,154.96797477504722,190.2026111984617,0.35555555555555557
0.0005989618517210601,3.2815380909169254e-5,-0.37693990392473026,1.791666037356439,0.01206426592797784,5.73771917513081e-5,0.1571443458247039,0.00019038806405723187,0.24944474964599084,0.0004513880095105783,-0.17462869117157576,0.03006356180876456,-0.008038105180721945,0.0008900766939981607,0.0032960858633253754,0.0015349407721356753,0.00033145746530837626,7.302624452088257e-8,125.53129348847864,158.51646297351965,179.53169861421236,0.35555555555555557
0.0006354144357967259,2.750491297420006e-5,-0.15494294028125924,0.503829612336034,0.011710803324099725,3.3737910741766696e-5,0.15804920641764136,0.000190483768511493,0.2538289958267459,0.00037674661281603773,-0.1720663683487989,0.021536557280552416,-0.019256963564774156,0.0009846074387610743,0.014039851277430746,0.0018499031954054173,0.00030134151303867394,4.992873149843244e-8,123.80318925052725,141.93766303230666,168.56714140505173,0.35555555555555557
0.0005415666159297053,3.0713981740191334e-5,0.21030570602216697,1.0420022959588762,0.011144598337950139,4.379692212988612e-5,0.1553389818386612,0.00015720868954434606,0.2525422453449565,0.0002834412422251859,-0.1837269431773129,0.026821044503162236,-0.007366085056076555,0.0005413520906477918,0.003930221967377622,0.0006756389049730942,0.0002631869173137645,3.4841968580616976e-8,124.26666541506287,153.9578368879604,185.84649286811182,0.35555555555555557
0.0005547668734249542,3.248543037919651e-5,-0.06907524638147948,0.9546619133627652,0.01181939058171745,4.741840073868883e-5,0.15716884950991591,0.00018414359230540047,0.25577497469873917,0.0004266945252629106,-0.17435622088953664,0.017136193045265403,-0.016202823600119143,0.0004710705855950225,0.0014596073510424897,0.001378695139915285,0.0002738644253266091,3.4284217160212924e-8,122.79832158018797,153.21023162073493,175.59826755374857,0.35555555555555557
0.000600116576951111,2.3852396460376293e-5,0.011814941814822745,0.3418243615111196,0.009460387811634347,3.316889873807325e-5,0.15680977170123966,0.00021740127674196524,0.25754272189244215,0.0005228301884570726,-0.16456757176888231,0.015336410887975308,-0.0208455129881394,0.001236947155089715,0.006536935397363985,0.001773951384872619,0.0010185995451508713,4.3341405833971285e-7,127.2925726675708,138.32822009401997,164.58301580287008,0.17777777777777778
0.0006292271116436073,2.0797468559412865e-5,-0.05345244758391847,-0.15250706229535416,0.00898836565096953,2.4754642043705758e-5,0.15748296727111483,0.0002112168900144423,0.2587582769205544,0.00043464677788483425,-0.17889799391360522,0.01805176405116731,0.003542861956843437,0.0002554771944252011,0.011724442464133953,0.001367906696986656,0.00099249353028442,3.512601930930497e-7,125.27755150935944,151.20567784926058,185.27899265917304,0.17777777777777778
0.0006604912448063633,3.0358363943416965e-5,-0.057262916808400566,0.8612236486444118,0.010494182825484765,2.9593327177593106e-5,0.1574821577048403,0.00019607289220864295,0.2626315483776486,0.00038469116731097166,-0.17394699286607787,0.01471205981645085,-0.018754866151242736,0.0010741556108681007,0.00695547589224772,0.0006155634068995448,0.0011397614124221275,3.8914373421446805e-7,119.0231135612074,142.99333264715312,170.81624552558878,0.17777777777777778
0.0006118920975081274,3.373328015148589e-5,-0.0653249002643019,0.9970317661636132,0.009740720221606648,2.6209920590951068e-5,0.1573322530117518,0.00017879890821830325,0.2623278368057802,0.0003726460129156682,-0.18109400559105313,0.01735446709096589,0.0019665984403269667,0.0004805100176102144,0.004168846971862023,0.0009484333612450808,0.0010754733454400964,4.076164168466096e-7,125.13871890809901,152.79023015882927,190.54889635329081,0.17777777777777778
0.0005993903745039596,2.666422495418724e-5,-0.20045357415529122,-0.057767476875622226,0.011841551246537404,3.931926869806094e-5,0.16029142814419872,0.0002129488519543828,0.26430257042449645,0.00043021443383635556,-0.17549082038474217,0.01978314475601401,-0.0104512074056676,0.0008680344430255346,0.01664117082488829,0.0038393479616104704,0.0012647192149625132,4.5900309852653673e-7,126.95539155142204,152.58072250339723,169.01968791714867,0.17777777777777778
0.000620974465374311,2.1084480892304503e-5,0.09017336953124445,0.6057355374730253,0.00811080332409972,3.328546629732225e-5,0.15754416771927518,0.0001666078066965172,0.26352646088106796,0.0004086678120605202,-0.18390756553929694,0.0159976908002624,0.015525568676181881,0.000621144416928278,0.0007683647498990298,0.0011565801167578724,0.0009347213279640466,5.4789216742138e-7,132.71434388734514,160.8975538931079,207.97337940650388,0.17777777777777778
0.0006197738593192672,3.0306271446054918e-5,-0.24105498520118718,0.48659645414560426,0.011879224376731305,4.188537273007078e-5,0.15903692888113294,0.00019291917130455206,0.2629066635969366,0.0003713732904108682,-0.189763614822784,0.02650844931314324,-0.0019678646325725874,0.0004839072121235141,-0.016300821643288266,0.0004584714091298119,0.001287095273260718,5.367947468272966e-7,129.03336675653551,164.65128460079939,209.3543367237124,0.17777777777777778
0.0006301403495701216,1.954354163324821e-5,-0.27100559139535835,0.29576431310712037,0.010733518005540165,3.3955567867036e-5,0.15693571628425795,0.0001644072701804143,0.2590506077306664,0.000374497141193687,-0.18698814842228992,0.02532431555320991,0.00048661417312750226,0.0007115560069205311,0.003826874452885178,0.0004792900654266836,0.0011723001003121456,5.19194887085413e-7,132.9150776509935,165.8881104428108,196.1902488602776,0.17777777777777778
0.0006348888200491066,2.823783000359973e-5,-0.17193112600076055,1.073680279021005,0.013986703601108038,5.490471160357031e-5,0.15973064076705956,0.00019342192962731042,0.2660179762275084,0.0004608589667299406,-0.1734131272097086,0.012998846755259088,-0.011409765180250718,0.001430360894335555,0.016846743835169535,0.0009099261873102858,0.0014977858881417003,6.920610660349685e-7,128.32507848317482,147.69258478321726,169.58572930190212,0.17777777777777778
0.0006227298793600916,2.0881526552928713e-5,-0.27633689010450063,0.16560663087947125,0.008585041551246536,3.109144228993537e-5,0.15662323668258005,0.00019108859620192578,0.2597498880839825,0.0004023404365251971,-0.1881461475924985,0.02061781029104273,-0.008670535248815236,0.0009115860103895285,-0.00037686605368853697,0.00027821470710848894,0.0009606805364789279,4.837258808177155e-7,124.14153610645563,160.7747139717065,194.59509852858898,0.17777777777777778
0.0005274208451144378,3.8293345831329795e-5,-0.15782451310469603,0.13187057588511486,0.011770637119113572,6.686324653739612e-5,0.15387509167028426,0.00012819606060537696,0.2480353323135017,0.0002454458183916155,-0.17717030127988437,0.01652349834051563,-0.008340178667090394,0.0005533486689137419,0.0012582445370876254,0.0007483022238319243,7.424800222707649e-5,8.047703165990908e-9,127.10452020361416,157.22277035052667,184.69246233625097,0.4444444444444445
0.0005274281117484798,3.0317489804042717e-5,-0.22583560089537727,1.3229369708658911,0.015858171745152354,0.00017831849553708837,0.15168284496241125,0.0001355634920453995,0.24602759249297215,0.0002654208501065962,-0.16844180287836608,0.013703632537740072,-0.0041771392809868725,0.0019483518396616563,0.0011246491008560064,0.00040890081233112643,8.76981981727975e-5,8.777992499235659e-9,130.5757661251148,159.60931051606988,177.696042489542,0.4444444444444445
0.0005176143313316147,2.9756204807809246e-5,-0.05645346534344771,0.8556922421304392,0.015527977839335187,9.994990951061863e-5,0.1558251213345835,0.00015746540656376445,0.24608143289202222,0.00034466350518257046,-0.1834348053469416,0.02441784597802664,0.002280592166467868,0.0004933926043219521,-0.008524500624650487,0.0009621592836737932,9.332191154600548e-5,6.852766543820114e-9,126.65010845213901,169.66922784338033,201.11909687756278,0.4444444444444445
0.0005462169070948445,3.70218426664265e-5,-0.1333048486052878,1.0518091202935516,0.01466814404432133,9.109501015697135e-5,0.15326067220989156,0.00017586331917907383,0.24619643233702862,0.0002950221716813052,-0.18304646639423822,0.02850082930598011,-0.02837195724468763,0.0014174266241349426,0.02208765209793125,0.0027403147229307,9.200058292479973e-5,7.665875123758634e-9,110.8432092229671,130.6024352641183,161.2219591976566,0.4444444444444445
0.0005403746261811953,2.8524512453593645e-5,0.12009729006733191,0.49561890290207655,0.010023268698060944,5.8648790397045263e-5,0.15416363879358244,0.0001698989794816171,0.24747398999508258,0.00031342342787499597,-0.1796482140035875,0.027136684139587062,-0.00815009319360107,0.00033136969252408645,0.0004228983681642076,0.0002749559634015544,7.023557099623603e-5,7.456155559642816e-9,128.4519038801532,155.0534152425431,186.97730299018056,0.4444444444444445
0.0005381772270735592,2.983080453123994e-5,-0.3115790217998628,0.5193245871357872,0.01265595567867036,9.000941582025239e-5,0.15336873871074125,0.00014861653684374406,0.24566676758140557,0.0002547468132103178,-0.19349297431350806,0.02227367533593071,-0.00742669879558707,0.0006111544131337897,0.007759469920791527,0.00027954014767376183,7.946647335230347e-5,8.071818612355113e-9,130.6894008622935,158.88121849484563,191.14647698963725,0.4444444444444445
0.0004963040987536232,3.098007315022723e-5,0.16535961801766286,0.4353650172006627,0.015147922437673133,0.00015219683594952293,0.15594458785235227,0.00021033588222603073,0.24721794518848145,0.0004038849387170002,-0.17911403731111228,0.017306307947529277,-0.012676435396497958,0.0010634908367685993,-0.007997781187668711,0.0005508467056411711,9.224396263947649e-5,6.552517680518585e-9,123.32273011462996,152.71987251112085,184.78296801206483,0.4444444444444445
0.00045981968691667993,3.2675835740873785e-5,-0.263328871133949,1.636845490242976,0.014510803324099718,9.364279963065559e-5,0.15324801417157358,0.00014611573037430988,0.24316271072671425,0.0002922972676513835,-0.18849780089033052,0.026701043299857202,-0.012741093039342845,0.0007502200784102046,0.004436153303294273,0.0009596363008095763,7.943809039827304e-5,6.443246852742528e-9,131.77524688122506,156.14333639951846,183.26871014841703,0.4444444444444445
0.0004507306427059314,2.900927417987229e-5,-0.0922135195838443,1.122851048399819,0.015616620498614956,9.693350076946753e-5,0.1567241604626935,0.00012701628590939117,0.2482924118522624,0.000260675578735222,-0.18934207481979665,0.014772397891633305,0.013022431101756462,0.0006966756410817614,0.004672540259128312,0.0007177616188515722,9.755628595422124e-5,8.67129631880868e-9,123.55993635837157,159.29072474381184,203.20107259292797,0.4444444444444445
0.0005329865365095598,3.4569290317215344e-5,-0.02582867355848073,1.6070771266846293,0.013201108033240995,8.386177654662975e-5,0.15171657255088974,0.00012414139805412534,0.24254058627836725,0.00027045350362003086,-0.1909090349066105,0.02557422949088359,0.0002871073573422938,0.0005216262463421536,-0.0026244707667162563,0.001431427668490328,8.707258147723624e-5,1.0793531248991898e-8,131.1730101269569,166.59962862646967,200.68837765610823,0.4444444444444445
