GDP,GDP_I,GDP_cp,GDP_kp,UR,Exp_UB,s_avg,s_std,w_avg,w_std,I_avg,I_std,dL_avg,dL_std,dL_cp_avg,dL_kp_avg
216793.48747140507,162900.0,53893.487471405075,0.0,0.92,161000.0,0.18513996937030516,0.015043581617872438,1.0,0.0,65.16,7.326381804693178,-937.2,319.2391179943826,-1096.5,-300.0
220490.94221415737,162900.0,57590.94221415738,0.0,0.92,161000.0,0.04338054555216558,0.1395524850307069,1.0,0.0,65.16,7.326381804693178,-66.34822736340895,35.45981625057928,-82.9352842042612,0.0
226583.41446170246,162900.0,63683.41446170246,0.0,0.92,161000.0,-0.478017639527956,0.1874084564751192,1.0,0.0,65.16,7.326381804693178,-64.75471855750021,35.07959184679322,-80.94339819687526,0.0
236575.33829282637,162900.0,73675.33829282639,0.0,0.92,161000.0,-0.9233184803747586,0.22063489546160384,1.0,0.0,65.16,7.326381804693178,-61.4118042547933,33.04360750159715,-76.76475531849162,0.0
246026.4900237808,162900.0,83126.4900237808,0.0,0.92,161000.0,-1.2652387246853345,0.2441223061789421,1.0,0.0,65.16,7.326381804693178,-55.160749387703426,28.672727580704798,-68.95093673462928,0.0
249299.99999999988,162900.0,86399.99999999988,0.0,0.92,161000.0,-1.614052035957064,0.31386860062292105,1.0,0.0,65.16,7.326381804693178,-48.85759034729861,24.63725912988264,-61.07198793412327,0.0
252499.99999999988,162900.0,89599.99999999988,0.0,0.92,161000.0,-2.0966985389958674,0.4050034412246918,1.0,0.0,65.16,7.326381804693178,-46.45048195094551,23.399337391338538,-58.0631024386819,0.0
255699.99999999988,162900.0,92799.99999999988,0.0,0.92,161000.0,-2.572167390589107,0.4905491964595432,1.0,0.0,65.16,7.326381804693178,-44.12543375585097,22.215727437941823,-55.15679219481372,0.0
258899.99999999988,162900.0,95999.9999999999,0.0,0.92,161000.0,-3.0404463911620727,0.5683276744520149,1.0,0.0,65.16,7.326381804693178,-41.83289038026587,21.05134335564271,-52.29111297533233,0.0
262099.99999999988,162900.0,99199.99999999988,0.0,0.92,161000.0,-3.503909114402733,0.6403033533719951,1.0,0.0,65.16,7.326381804693178,-39.569601342239295,19.90409279056403,-49.46200167779911,0.0
265299.9999999999,162900.0,102399.99999999987,0.0,0.92,161000.0,-3.9619121504645163,0.7081214487379803,1.0,0.0,65.16,7.326381804693178,-37.332641208015374,18.772120235982097,-46.66580151001922,0.0
268499.9999999999,162900.0,105599.99999999987,0.0,0.92,161000.0,-4.416256279279635,0.7779759798066144,1.0,0.0,65.16,7.326381804693179,-35.11937708721384,17.65377925786661,-43.89922135901728,0.0
271699.9999999999,162900.0,108799.99999999987,0.0,0.92,161000.0,-4.865927872927186,0.8355656896224042,1.0,0.0,65.16,7.326381804693178,-32.92743937849246,16.547608136271975,-41.15929922311559,0.0
274899.9999999999,162900.0,111999.99999999987,0.0,0.92,161000.0,-5.312606761287641,0.8950927229605455,1.0,0.0,65.16,7.326381804693178,-30.75469544064322,15.452308519155,-38.44336930080402,0.0
278099.9999999999,162900.0,115199.99999999988,0.0,0.92,161000.0,-5.754541359648596,0.9533573134372277,1.0,0.0,65.16,7.326381804693178,-28.5992258965789,14.366726741577427,-35.74903237072362,0.0
281299.9999999999,162900.0,118399.99999999985,0.0,0.92,161000.0,-6.192863755756376,1.008018428344407,1.0,0.0,65.16,7.326381804693179,-26.459303306921015,13.289837520051924,-33.07412913365126,0.0
284499.9999999999,162900.0,121599.99999999987,0.0,0.92,161000.0,-6.62847699053663,1.0628383690171836,1.0,0.0,65.16,7.326381804693178,-24.33337297622892,12.220729793663464,-30.416716220286148,0.0
287699.9999999999,162900.0,124799.99999999988,0.0,0.92,161000.0,-7.061947968232413,1.1258626038061634,1.0,0.0,65.16,7.326381804693178,-22.22003567860603,11.158594559826478,-27.775044598257537,0.0
290899.9999999999,162900.0,127999.99999999988,0.0,0.92,161000.0,-7.491240193209174,1.1856734050342028,1.0,0.0,65.16,7.326381804693178,-20.11803211074543,10.102714662573195,-25.14754013843179,0.0
294099.9999999999,162900.0,131199.99999999985,0.0,0.92,161000.0,-7.919230821427729,1.2382154643058674,1.0,0.0,65.16,7.326381804693178,-18.02622889967089,9.052456678537512,-22.532786124588615,0.0
297299.9999999999,162900.0,134399.99999999985,0.0,0.92,161000.0,-8.346671030320996,1.278946771173241,1.0,0.0,65.16,7.326381804693178,-15.943606009703807,8.00726541460425,-19.929507512129756,0.0
300499.9999999998,162900.0,137599.99999999983,0.0,0.92,161000.0,-8.771080452625483,1.3189741042657461,1.0,0.0,65.16,7.326381804693178,-13.86924540873343,6.966662354338266,-17.33655676091679,0.0
303699.9999999999,162900.0,140799.99999999985,0.0,0.92,161000.0,-9.192965545682947,1.3566408712924065,1.0,0.0,65.16,7.326381804693178,-11.802320867860091,5.930251458422356,-14.752901084825114,0.0
306899.9999999999,162900.0,143999.99999999985,0.0,0.92,161000.0,-9.614546653946975,1.386151412029189,1.0,0.0,65.16,7.326381804693178,-9.742088781074086,4.897741643041837,-12.17761097634261,0.0
310099.9999999999,162900.0,147199.99999999985,0.0,0.92,161000.0,-10.032614900320091,1.429013117259025,1.0,0.0,65.16,7.326381804693178,-7.687879902966682,3.8690151913680197,-9.609849878708353,0.0
313299.9999999998,162900.0,150399.99999999983,0.0,0.92,161000.0,-10.449334678343115,1.461505770849394,1.0,0.0,65.16,7.326381804693178,-5.639091912670019,2.8443554227291363,-7.048864890837525,0.0
316499.9999999998,162900.0,153599.99999999983,0.0,0.92,161000.0,-10.863352302156493,1.4970880877750037,1.0,0.0,65.16,7.326381804693178,-3.595182721403022,1.825450877169581,-4.493978401753777,0.0
319699.9999999999,162900.0,156799.99999999985,0.0,0.92,161000.0,-11.27616762947884,1.5434093348307507,1.0,0.0,65.16,7.326381804693179,-1.5556644492627232,0.823832225667572,-1.9445805615784042,0.0
327199.9999999998,165600.0,161599.99999999983,0.0,0.88,154000.0,-11.541023777492047,1.7183246189421715,1.0,0.0,66.24,8.775716795915471,-39.520098004336454,48.99990462980195,-49.40012250542057,0.0
334149.9999999999,166950.0,167199.99999999988,0.0,0.86,150500.0,-11.840507612992104,1.8450976464170024,1.0,0.0,66.78,9.370524141640933,-57.38808820390282,48.24695255809262,-71.73511025487852,0.0
340824.9999999999,167625.0,173199.99999999988,0.0,0.85,148750.0,-12.161952950990363,1.9481788342994986,1.0,0.0,67.05,9.642857142857142,-65.11927938351255,43.99582033069292,-81.39909922939067,0.0
347383.9999999999,167976.0,179407.99999999985,0.0,0.8448,147840.0,-12.497431279698933,2.0438299109619535,1.0,0.0,67.1904,9.778527275529342,-67.9023514451613,40.02591872149468,-84.87793930645161,0.0
353849.9999999999,168138.0,185711.99999999988,0.0,0.8424,147420.0,-12.838281348748122,2.140606259557659,1.0,0.0,67.2552,9.83983749463213,-67.73911630064516,37.129409168179805,-84.67389537580648,0.0
360282.9999999999,168219.0,192063.99999999985,0.0,0.8412,147210.0,-13.180919848841647,2.199599653480147,1.0,0.0,67.2876,9.870190195827067,-66.23820467058066,34.85370260618336,-82.79775583822583,0.0
366720.9999999998,168273.0,198447.99999999983,0.0,0.8404,147070.0,-13.524730804514205,2.2594968448248327,1.0,0.0,67.3092,9.890314589995386,-64.2103842035226,32.75944195566338,-80.26298025440323,0.0
373147.9999999998,168300.0,204847.99999999983,0.0,0.84,147000.0,-13.868448304248648,2.336366742291487,1.0,0.0,67.32,9.900343767904689,-61.66634578317034,30.921992519293564,-77.08293222896292,0.0
379547.9999999998,168300.0,211247.99999999983,0.0,0.84,147000.0,-14.210873139896885,2.412898067899906,1.0,0.0,67.32,9.900343767904687,-58.61671120485331,29.403469735203426,-73.27088900606664,0.0
385947.9999999998,168300.0,217647.99999999983,0.0,0.84,147000.0,-14.549627246136227,2.512542674854364,1.0,0.0,67.32,9.900343767904687,-55.47204008436798,27.83855695034259,-69.34005010546,0.0
392347.9999999998,168300.0,224047.99999999983,0.0,0.84,147000.0,-14.89089297949457,2.590439745868307,1.0,0.0,67.32,9.900343767904687,-52.24183607593118,26.23207460949797,-65.30229509491399,0.0
398747.9999999998,168300.0,230447.99999999983,0.0,0.84,147000.0,-15.227624461464941,2.6578151076631635,1.0,0.0,67.32,9.900343767904689,-48.93465246833807,24.588449527075834,-61.16831558542259,0.0
405147.9999999998,168300.0,236847.99999999983,0.0,0.84,147000.0,-15.568180378031984,2.7131776442973243,1.0,0.0,67.32,9.900343767904687,-45.55818722150427,22.91177771226554,-56.94773402688033,0.0
411547.9999999999,168300.0,243247.99999999985,0.0,0.84,147000.0,-15.905857837124833,2.774723408632218,1.0,0.0,67.32,9.900343767904689,-42.11936849935385,21.205894752705643,-52.64921062419231,0.0
417947.9999999999,168300.0,249647.99999999985,0.0,0.84,147000.0,-16.244008117346176,2.855042349379729,1.0,0.0,67.32,9.900343767904687,-38.62443164941846,19.4744611337639,-48.280539561773075,0.0
424347.9999999999,168300.0,256047.99999999985,0.0,0.84,147000.0,-16.580221204662415,2.9100105252839428,1.0,0.0,67.32,9.900343767904689,-35.07898848447662,17.721075788677553,-43.84873560559578,0.0
430747.9999999998,168300.0,262447.9999999998,0.0,0.84,147000.0,-16.916669143535163,2.975489519541277,1.0,0.0,67.32,9.900343767904689,-31.488089636028967,15.94944309277017,-39.36011204503621,0.0
437147.9999999998,168300.0,268847.9999999998,0.0,0.84,147000.0,-17.25137684630205,3.0338917055392844,1.0,0.0,67.32,9.900343767904689,-27.856280672426074,14.163644039489906,-34.82035084053259,0.0
443547.99999999977,168300.0,275247.99999999977,0.0,0.84,147000.0,-17.585830048547127,3.089434566458122,1.0,0.0,67.32,9.900343767904687,-24.187652605183473,12.368621009434712,-30.23456575647934,0.0
449947.9999999998,168300.0,281647.9999999998,0.0,0.84,147000.0,-17.919572459404712,3.1464412371443955,1.0,0.0,67.32,9.900343767904687,-20.485887344665127,10.571132201738498,-25.60735918083141,0.0
456347.99999999977,168300.0,288047.99999999977,0.0,0.84,147000.0,-18.25395259968418,3.2049338290195677,1.0,0.0,67.32,9.900343767904689,-16.754298610198617,8.781837133811516,-20.94287326274827,0.0
462747.9999999998,168300.0,294447.9999999998,0.0,0.84,147000.0,-18.586754067831475,3.259379768236942,1.0,0.0,67.32,9.900343767904687,-12.995868749178758,7.020437709127804,-16.244835936473443,0.0
469147.99999999977,168300.0,300847.99999999977,0.0,0.84,147000.0,-18.917992157436114,3.303984541873423,1.0,0.0,67.32,9.900343767904689,-9.213281874260886,5.330301232083152,-11.516602342826111,0.0
475547.9999999999,168300.0,307247.9999999999,0.0,0.84,147000.0,-19.248459991144912,3.3666829935184888,1.0,0.0,67.32,9.900343767904687,-5.408953686834801,3.8265971441232782,-6.761192108543501,0.0
484097.9999999999,169650.0,314447.9999999999,0.0,0.82,143500.0,-19.453885688493962,3.472001186306874,1.0,0.0,67.86,10.375136499485357,-21.585058318151326,39.245241546610856,-26.981322897689157,0.0
494006.9999999999,171351.0,322655.9999999999,0.0,0.7948,139090.0,-19.607436544736313,3.6072084696236066,1.0,0.0,68.5404,10.90606917170028,-42.89355248633619,48.25635473306412,-53.61694060792025,0.0
503977.9999999999,172458.0,331519.9999999999,0.0,0.7784,136220.0,-19.80846084256099,3.766674548080336,1.0,0.0,68.9832,11.215972404334357,-55.278197237702585,45.910715495785766,-69.09774654712824,0.0
513830.9999999999,173079.0,340751.9999999999,0.0,0.7692,134610.0,-20.03976182709182,3.868488290235713,1.0,0.0,69.2316,11.378582965383698,-60.31037751393232,40.889101212461206,-75.38797189241541,0.0
523578.9999999999,173403.0,350175.9999999999,0.0,0.7644,133770.0,-20.29621849650016,3.9610970060042083,1.0,0.0,69.3612,11.460369565953583,-60.782339762539095,36.51474071280945,-75.97792470317387,0.0
533260.9999999999,173565.0,359695.9999999999,0.0,0.762,133350.0,-20.560501882517627,4.0405589769897805,1.0,0.0,69.426,11.500496883675446,-58.69810578628519,32.5405059738346,-73.37263223285649,0.0
542909.9999999999,173646.0,369263.9999999999,0.0,0.7608,133140.0,-20.82597977087872,4.131283731277697,1.0,0.0,69.4584,11.520371392572777,-55.26729520765667,29.234392177242952,-69.08411900957084,0.0
552520.9999999999,173673.0,378847.9999999999,0.0,0.7604,133070.0,-21.09706126505838,4.208598795708203,1.0,0.0,69.4692,11.526968368131488,-50.901565686891004,26.48484496638824,-63.62695710861376,0.0
562147.9999999999,173700.0,388447.9999999999,0.0,0.76,133000.0,-21.367565626887075,4.279861528777234,1.0,0.0,69.48,11.533551453201627,-46.413409118201905,23.58439579901893,-58.01676139775237,0.0
571747.9999999999,173700.0,398047.9999999999,0.0,0.76,133000.0,-21.639265648544736,4.360652806497484,1.0,0.0,69.48,11.533551453201627,-41.41406820638171,21.146753042388067,-51.76758525797713,0.0
581347.9999999998,173700.0,407647.99999999977,0.0,0.76,133000.0,-21.908771960639413,4.421187059412277,1.0,0.0,69.48,11.533551453201627,-36.31466138574353,18.67655675173692,-45.3933267321794,0.0
590947.9999999998,173700.0,417247.9999999998,0.0,0.76,133000.0,-22.18231551349051,4.4895606325241335,1.0,0.0,69.48,11.533551453201627,-31.125195247169177,16.18726230627253,-38.90649405896147,0.0
600547.9999999999,173700.0,426847.9999999999,0.0,0.76,133000.0,-22.456550207537045,4.5879683888974805,1.0,0.0,69.48,11.533551453201627,-25.854675722452253,13.698286734047317,-32.31834465306532,0.0
610147.9999999998,173700.0,436447.9999999998,0.0,0.76,133000.0,-22.725702066999027,4.6483607827235645,1.0,0.0,69.48,11.533551453201627,-20.511208150207022,11.242141481613704,-25.63901018775878,0.0
619747.9999999998,173700.0,446047.99999999977,0.0,0.76,133000.0,-22.99357370956044,4.723315685258177,1.0,0.0,69.48,11.533551453201627,-15.102087335186317,8.882449339008938,-18.877609168982893,0.0
629347.9999999998,173700.0,455647.99999999977,0.0,0.76,133000.0,-23.264173394776925,4.78798886290516,1.0,0.0,69.48,11.533551453201627,-9.633878601667679,6.7636820657019445,-12.0423482520846,0.0
640022.9999999998,174375.0,465647.99999999977,0.0,0.75,131250.0,-23.459919636644372,4.884182038750263,1.0,0.0,69.75,11.693681921394626,-14.112490741500912,28.956891368043966,-17.640613426876133,0.0
652602.9999999998,175995.0,476607.9999999998,0.0,0.726,127050.0,-23.54433302374921,5.03892002910124,1.0,0.0,70.398,12.04465132123716,-32.518241667350814,45.164015730192546,-40.64780208418852,0.0
665712.9999999998,177345.0,488367.9999999998,0.0,0.706,123550.0,-23.646558277047163,5.214319405355789,1.0,0.0,70.938,12.303442846713791,-46.798417500615734,46.151346137186195,-58.49802187576965,0.0
678848.9999999999,178209.0,500639.9999999999,0.0,0.6932,121310.0,-23.78387103307415,5.29500612327655,1.0,0.0,71.2836,12.453963687300913,-53.71557575055415,41.50517568237611,-67.14446968819271,0.0
691851.9999999998,178668.0,513183.9999999998,0.0,0.6864,120120.0,-23.960510470164802,5.3941439879906365,1.0,0.0,71.4672,12.529314332678341,-54.45401817549874,35.74592555589209,-68.06752271937343,0.0
704739.9999999998,178884.0,525855.9999999998,0.0,0.6832,119560.0,-24.158159567881864,5.468995748104772,1.0,0.0,71.5536,12.563688373492022,-51.414616357948866,31.10331128128576,-64.26827044743607,0.0
717583.9999999998,178992.0,538591.9999999998,0.0,0.6816,119280.0,-24.368355565781357,5.565133493590409,1.0,0.0,71.5968,12.58061757368906,-46.60715472215397,26.599679918698996,-58.25894340269247,0.0
730405.9999999998,179046.0,551359.9999999998,0.0,0.6808,119140.0,-24.5765351033499,5.629772797065497,1.0,0.0,71.6184,12.589018023258049,-40.844439249938574,22.811598623127015,-51.055549062423225,0.0
743216.9999999998,179073.0,564143.9999999998,0.0,0.6804,119070.0,-24.785350699778153,5.708228320834393,1.0,0.0,71.6292,12.593202247924978,-34.53999532494471,18.990953224969655,-43.174994156180894,0.0
756043.9999999998,179100.0,576943.9999999998,0.0,0.68,119000.0,-25.003021353187798,5.770620995805124,1.0,0.0,71.64,12.597375820027779,-28.10699579245023,15.481619857965496,-35.13374474056278,0.0
768843.9999999998,179100.0,589743.9999999998,0.0,0.68,119000.0,-25.220575863281976,5.859161342689152,1.0,0.0,71.64,12.597375820027777,-21.15729621320521,12.482996380868132,-26.446620266506514,0.0
781643.9999999998,179100.0,602543.9999999998,0.0,0.68,119000.0,-25.435625053857155,5.934453389718505,1.0,0.0,71.64,12.597375820027777,-14.102566591884687,9.763950416910081,-17.628208239855855,0.0
795002.9999999998,179451.0,615551.9999999998,0.0,0.6748,118090.0,-25.61687736823524,6.062960011286341,1.0,0.0,71.7804,12.65066763442304,-12.153309932696217,21.678459890973464,-15.191637415870268,0.0
810461.9999999998,180990.0,629471.9999999998,0.0,0.652,114100.0,-25.639454536477476,6.243452006318145,1.0,0.0,72.396,12.863645414474847,-27.70597893942659,41.99899762585594,-34.63247367428324,0.0
826660.9999999998,182421.0,644239.9999999998,0.0,0.6308,110390.0,-25.662264681007912,6.333832801437582,1.0,0.0,72.9684,13.032487856733052,-41.51338104548393,45.22577761471356,-51.891726306854906,0.0
843019.9999999998,183420.0,659599.9999999998,0.0,0.616,107800.0,-25.728662568233855,6.468470148348698,1.0,0.0,73.368,13.1342902294693,-48.73704294093554,41.50255651206809,-60.921303676169416,0.0
859239.9999999998,183960.0,675279.9999999998,0.0,0.608,106400.0,-25.84353222799656,6.5613062800254776,1.0,0.0,73.584,13.183947458490396,-48.958338646841995,35.04283704939751,-61.19792330855248,0.0
875349.9999999998,184230.0,691119.9999999998,0.0,0.604,105700.0,-25.98508729810343,6.656437208679333,1.0,0.0,73.692,13.2073808896384,-44.97750478215778,29.286338407076254,-56.22188097769724,0.0
891404.9999999998,184365.0,707039.9999999998,0.0,0.602,105350.0,-26.14134108861185,6.76048086990061,1.0,0.0,73.746,13.218751005721392,-38.804754303942005,24.088326009167787,-48.505942879927495,0.0
907453.9999999998,184446.0,723007.9999999998,0.0,0.6008,105140.0,-26.310383420321056,6.8283519174476615,1.0,0.0,73.7784,13.225462509244558,-31.654278873547803,19.652461254977606,-39.567848591934755,0.0
923464.9999999999,184473.0,738991.9999999999,0.0,0.6004,105070.0,-26.485352934642805,6.895657614344641,1.0,0.0,73.7892,13.227681277563057,-23.540850986193014,15.688570303211304,-29.426063732741273,0.0
939491.9999999998,184500.0,754991.9999999998,0.0,0.6,105000.0,-26.64885426889465,6.986990273296,1.0,0.0,73.8,13.229890853850687,-15.279765887573706,11.672349221350172,-19.09970735946714,0.0
956394.9999999998,185067.0,771327.9999999998,0.0,0.5916,103530.0,-26.76287534979867,7.089205231050259,1.0,0.0,74.0268,13.274176556958482,-14.884789298816328,26.31620296253281,-18.60598662352041,0.0
975310.9999999998,186687.0,788623.9999999998,0.0,0.5676,99330.0,-26.70671807819361,7.137543641442802,1.0,0.0,74.6748,13.378723446443704,-29.94831036893469,42.536641317742514,-37.43538796116836,0.0
994670.9999999998,187983.0,806687.9999999998,0.0,0.5484,95970.0,-26.694025208492253,7.208606286180249,1.0,0.0,75.1932,13.439290143747437,-40.02447933204122,43.6577234396253,-50.030599165051505,0.0
1.0141969999999998e6,188901.0,825295.9999999998,0.0,0.5348,93590.0,-26.71345497432954,7.278809483247124,1.0,0.0,75.5604,13.469956485864854,-44.28403139883708,39.30856113730316,-55.35503924854635,0.0
1.0335789999999998e6,189387.0,844191.9999999998,0.0,0.5276,92330.0,-26.782175152157095,7.323172256784311,1.0,0.0,75.7548,13.482113480963042,-41.914628258953364,32.948335989048516,-52.393285323691714,0.0
1.0529049999999998e6,189657.0,863247.9999999998,0.0,0.5236,91630.0,-26.876716594002676,7.375355301724685,1.0,0.0,75.8628,13.48765149524345,-36.12116543305802,26.118556586533916,-45.15145679132252,0.0
1.0721759999999998e6,189792.0,882383.9999999998,0.0,0.5216,91280.0,-26.991182294749706,7.468936371735333,1.0,0.0,75.9168,13.490095286110147,-28.116048889752207,20.634900701267,-35.14506111219026,0.0
1.0913979999999998e6,189846.0,901551.9999999998,0.0,0.5208,91140.0,-27.098056475089233,7.5351826791368355,1.0,0.0,75.9384,13.491012134134387,-18.71544400077698,16.293400725682055,-23.394305000971215,0.0
1.1113399999999998e6,190332.0,921007.9999999998,0.0,0.5136,89880.0,-27.166512530439654,7.6424214913990856,1.0,0.0,76.1328,13.497704966984212,-15.536899600699275,23.764800800563286,-19.421124500874097,0.0
1.1332899999999998e6,191898.0,941391.9999999998,0.0,0.4904,85820.0,-27.077419404437194,7.747532823603507,1.0,0.0,76.7592,13.500211763045009,-28.18020964062934,41.218290996868866,-35.225262050786675,0.0
1.1557809999999998e6,193221.0,962559.9999999998,0.0,0.4708,82390.0,-27.012136822640944,7.863530580507187,1.0,0.0,77.2884,13.479655258290288,-37.0051886765664,42.30898628057633,-46.256485845708,0.0
1.1785399999999998e6,194220.0,984319.9999999998,0.0,0.456,79800.0,-26.988236332548578,7.948301528757564,1.0,0.0,77.688,13.450316740068367,-40.78466980890975,36.85176862960284,-50.980837261137175,0.0
1.2011599999999998e6,194760.0,1.0063999999999998e6,0.0,0.448,78400.0,-27.010921533151418,8.017358411393772,1.0,0.0,77.904,13.429479676061467,-37.506202828018765,30.384420482605066,-46.88275353502345,0.0
1.2236699999999998e6,195030.0,1.0286399999999998e6,0.0,0.444,77700.0,-27.062912700924358,8.091970545585284,1.0,0.0,78.012,13.417744607352589,-29.97558254521688,23.78964500198023,-37.46947818152111,0.0
1.2461249999999995e6,195165.0,1.0509599999999995e6,0.0,0.442,77350.0,-27.130705800879582,8.19066960073647,1.0,0.0,78.066,13.411546959122003,-20.20802429069519,18.43933464375321,-25.260030363368987,0.0
1.2693479999999995e6,195732.0,1.0736159999999995e6,0.0,0.4336,75880.0,-27.138521681883173,8.262345821339087,1.0,0.0,78.2928,13.38310543799404,-16.622221861625665,25.267370351294268,-20.77777732703208,0.0
1.2944549999999995e6,197271.0,1.0971839999999995e6,0.0,0.4108,71890.0,-27.017230806210417,8.307744401908538,1.0,0.0,78.9084,13.286091130464627,-27.218999675463095,40.99629704119855,-34.023749594328876,0.0
1.3201729999999995e6,198621.0,1.1215519999999995e6,0.0,0.3908,68390.0,-26.914261942630453,8.39036365271468,1.0,0.0,79.4484,13.176736621606965,-34.76309970791677,42.631856485718615,-43.453874634895975,0.0
1.3461319999999995e6,199620.0,1.1465119999999995e6,0.0,0.376,65800.0,-26.84919814615451,8.440249920080639,1.0,0.0,79.848,13.080876871826838,-36.82978973712509,37.433922594343585,-46.03723717140637,0.0
1.3719519999999998e6,200160.0,1.1717919999999998e6,0.0,0.368,64400.0,-26.833157252007314,8.53224263330367,1.0,0.0,80.064,13.023661171119281,-31.809810763412578,30.27628394142232,-39.76226345426572,0.0
1.3977049999999998e6,200457.0,1.1972479999999998e6,0.0,0.3636,63630.0,-26.84173792876891,8.608939364098402,1.0,0.0,80.1828,12.990553720083753,-22.91182968707131,23.626967565500347,-28.639787108839137,0.0
1.4240209999999995e6,200997.0,1.2230239999999995e6,0.0,0.3556,62230.0,-26.83609292137426,8.735034635821622,1.0,0.0,80.3988,12.927343309513244,-17.352646718364173,27.795865708369764,-21.690808397955223,0.0
1.4522909999999995e6,202563.0,1.2497279999999995e6,0.0,0.3324,58170.0,-26.680564034996628,8.808624594460763,1.0,0.0,81.0252,12.721528991436207,-26.738382046527754,40.312013068686234,-33.42297755815968,0.0
1.4811879999999995e6,203940.0,1.2772479999999995e6,0.0,0.312,54600.0,-26.53798262015413,8.794288199289836,1.0,0.0,81.576,12.511868075435217,-33.03654384187498,42.629124814898226,-41.29567980234372,0.0
1.5102129999999995e6,204885.0,1.3053279999999995e6,0.0,0.298,52150.0,-26.452342451419582,8.839762159032365,1.0,0.0,81.954,12.351716883250907,-32.624889457687466,37.36573774600233,-40.78111182210933,0.0
1.539239e6,205479.0,1.33376e6,0.0,0.2892,50610.0,-26.384825198321604,8.959932112891263,1.0,0.0,82.1916,12.244004888200624,-26.699400511918714,31.941943513521387,-33.374250639898385,0.0
1.5684449999999998e6,205965.0,1.3624799999999998e6,0.0,0.282,49350.0,-26.326013988325943,9.027252414607117,1.0,0.0,82.386,12.151710563861002,-18.869460460726835,31.25818193876802,-23.58682557590855,0.0
1.5989709999999998e6,207099.0,1.3918719999999998e6,0.0,0.2652,46410.0,-26.18470867360008,9.111252525073748,1.0,0.0,82.8396,11.921254899017425,-20.347514414654146,41.14538454836991,-25.43439301831768,0.0
1.631072e6,208800.0,1.422272e6,0.0,0.24,42000.0,-25.96699670821734,9.077876550507696,1.0,0.0,83.52,11.533551453201627,-29.920762973188722,41.159338295692024,-37.40095371648591,0.0
1.663278e6,209934.0,1.453344e6,0.0,0.2232,39060.0,-25.81940014658178,9.067965728158704,1.0,0.0,83.9736,11.244815756274395,-30.756686675869837,37.633048455277866,-38.4458583448373,0.0
1.695554e6,210690.0,1.484864e6,0.0,0.212,37100.0,-25.70607810942917,9.094394032820432,1.0,0.0,84.276,11.03777862718804,-25.647018008282835,29.884458153270522,-32.05877251035355,0.0
1.7281489999999998e6,211365.0,1.5167839999999998e6,0.0,0.202,35350.0,-25.617110583637388,9.185306395996827,1.0,0.0,84.546,10.842458557127399,-18.998316207454533,29.714919406135653,-23.747895259318167,0.0
1.7622189999999995e6,212715.0,1.5495039999999995e6,0.0,0.182,31850.0,-25.40900421075251,9.126892535236811,1.0,0.0,85.086,10.419886449162744,-22.01948458670906,38.15794303903675,-27.52435573338632,0.0
1.7973899999999995e6,214254.0,1.5831359999999995e6,0.0,0.1592,27860.0,-25.204857300963443,9.210791688011435,1.0,0.0,85.7016,9.880263421696451,-27.493536128038134,43.8656937161836,-34.36692016004767,0.0
1.8328709999999995e6,215415.0,1.6174559999999995e6,0.0,0.142,24850.0,-25.027431584759427,9.175836082444476,1.0,0.0,86.166,9.426239207352934,-26.9981825152343,37.48730523940831,-33.747728144042874,0.0
1.8684809999999995e6,216225.0,1.6522559999999995e6,0.0,0.13,22750.0,-24.863992464153544,9.158215227532173,1.0,0.0,86.49,9.082009312771202,-20.927364263710853,36.507014272625604,-26.159205329638564,0.0
1.9046999999999995e6,217116.0,1.6875839999999995e6,0.0,0.1168,20440.0,-24.699172196522017,9.120820331164285,1.0,0.0,86.8464,8.673643979317568,-15.688627837339745,35.21538952029362,-19.61078479667468,0.0
1.9428229999999995e6,218871.0,1.7239519999999995e6,0.0,0.0908,15890.0,-24.444179872376584,9.201534201716886,1.0,0.0,87.5484,7.759313127853941,-22.88576505360575,46.02118570497166,-28.607206317007186,0.0
1.9813839999999995e6,220248.0,1.7611359999999995e6,0.0,0.0704,12320.0,-24.208574532064535,9.16550087440242,1.0,0.0,88.0992,6.908520132428367,-24.090188548245155,42.605374728466366,-30.112735685306447,0.0
2.0202019999999995e6,221274.0,1.7989279999999995e6,0.0,0.0552,9660.0,-24.004401449247354,9.133534953183176,1.0,0.0,88.5096,6.167229664013778,-19.69016969342061,37.44551185900939,-24.612712116775764,0.0
2.0597139999999995e6,222354.0,1.8373599999999995e6,0.0,0.0392,6860.0,-23.790620399380963,9.12218488266211,1.0,0.0,88.9416,5.2409518668452035,-15.68815272407853,36.63031300724152,-19.610190905098158,0.0
2.1010269999999995e6,224163.0,1.8768639999999995e6,0.0,0.0124,2170.0,-23.483262574586774,9.108569842952967,1.0,0.0,89.6652,2.988491491130104,-22.08433745167066,44.37798919645561,-27.60542181458832,0.0
2.1418639999999995e6,225000.0,1.9168639999999995e6,0.0,0.0,0.0,-23.286438684707637,9.133510874847335,1.0,0.0,90.0,0.0,-13.651903706503566,44.26570319673888,-17.064879633129458,0.0
2.1818639999999995e6,225000.0,1.9568639999999995e6,0.0,0.0,0.0,-23.196983167818892,9.231380277757026,1.0,0.0,90.0,0.0,7.597286664146817,43.68049645360166,9.496608330183522,0.0
2.2218639999999995e6,225000.0,1.9968639999999995e6,0.0,0.0,0.0,-23.10781427650291,9.30303321408777,1.0,0.0,90.0,0.0,29.22155799773216,45.62837961699741,36.5269474971652,0.0
2.2618639999999995e6,225000.0,2.0368639999999995e6,0.0,0.0,0.0,-23.02191256622988,9.311607297207729,1.0,0.0,90.0,0.0,51.18340219795897,49.93485938325238,63.97925274744871,0.0
2.3018639999999995e6,225000.0,2.0768639999999995e6,0.0,0.0,0.0,-22.93113467567237,9.421361874495116,1.0,0.0,90.0,0.0,73.4490619781631,56.15486647364862,91.81132747270385,0.0
2.3418639999999995e6,225000.0,2.1168639999999995e6,0.0,0.0,0.0,-22.845050194137247,9.443127057971308,1.0,0.0,90.0,0.0,95.9881557803468,63.80508776486578,119.9851947254335,0.0
2.381863999999999e6,225000.0,2.156863999999999e6,0.0,0.0,0.0,-22.7546518316273,9.534008866763022,1.0,0.0,90.0,0.0,118.77334020231216,72.49153305083195,148.4666752528902,0.0
2.421864e6,225000.0,2.196864e6,0.0,0.0,0.0,-22.667280374099036,9.581500144769091,1.0,0.0,90.0,0.0,141.78000618208097,81.92999154175668,177.2250077276012,0.0
2.461863999999999e6,225000.0,2.236863999999999e6,0.0,0.0,0.0,-22.57992231982859,9.610538613438012,1.0,0.0,90.0,0.0,164.98600556387294,91.92408810177538,206.2325069548411,0.0
2.5018639999999995e6,225000.0,2.2768639999999995e6,0.0,0.0,0.0,-22.491634229790847,9.653598043577954,1.0,0.0,90.0,0.0,188.37140500748566,102.33864999272862,235.46425625935706,0.0
2.541864e6,225000.0,2.316864e6,0.0,0.0,0.0,-22.4045165772688,9.66946941618097,1.0,0.0,90.0,0.0,211.91826450673716,113.07925850197661,264.89783063342145,0.0
2.581864e6,225000.0,2.356864e6,0.0,0.0,0.0,-22.319254873791593,9.659827102022366,1.0,0.0,90.0,0.0,235.61043805606343,124.07846921265345,294.51304757007927,0.0
2.621864e6,225000.0,2.396864e6,0.0,0.0,0.0,-22.230063006531832,9.717443681727916,1.0,0.0,90.0,0.0,259.4333942504571,135.28690109293657,324.2917428130715,0.0
2.661864e6,225000.0,2.436864e6,0.0,0.0,0.0,-22.145984245833667,9.687861259740117,1.0,0.0,90.0,0.0,283.37405482541146,146.66750736644795,354.21756853176436,0.0
2.701864e6,225000.0,2.476864e6,0.0,0.0,0.0,-22.059510044522277,9.705314375175192,1.0,0.0,90.0,0.0,307.4206493428703,158.19185525442458,384.27581167858784,0.0
2.7418639999999995e6,225000.0,2.5168639999999995e6,0.0,0.0,0.0,-21.97575401596422,9.662441177804132,1.0,0.0,90.0,0.0,331.56258440858335,169.83766865597497,414.45323051072927,0.0
2.781864e6,225000.0,2.556864e6,0.0,0.0,0.0,-21.887946909244032,9.692257128236177,1.0,0.0,90.0,0.0,355.79032596772504,181.5871721731577,444.7379074596562,0.0
2.821863999999999e6,225000.0,2.596863999999999e6,0.0,0.0,0.0,-21.80408406954458,9.63948006460657,1.0,0.0,90.0,0.0,380.0952933709526,193.42595150080354,475.11911671369074,0.0
2.8618639999999995e6,225000.0,2.6368639999999995e6,0.0,0.0,0.0,-21.720959330272123,9.581575161428056,1.0,0.0,90.0,0.0,404.4697640338573,205.3421526334923,505.58720504232167,0.0
2.9018639999999995e6,225000.0,2.6768639999999995e6,0.0,0.0,0.0,-21.635251743000644,9.570386468339892,1.0,0.0,90.0,0.0,428.9067876304716,217.32590766807385,536.1334845380894,0.0
2.941864e6,225000.0,2.716864e6,0.0,0.0,0.0,-21.54838294440136,9.57638331331122,1.0,0.0,90.0,0.0,453.40010886742454,229.3689150696475,566.7501360842805,0.0
2.981864e6,225000.0,2.756864e6,0.0,0.0,0.0,-21.459836695354515,9.631831103210317,1.0,0.0,90.0,0.0,477.94409798068216,241.46412721234026,597.4301224758525,0.0
3.021864e6,225000.0,2.796864e6,0.0,0.0,0.0,-21.37344894213562,9.631325243249481,1.0,0.0,90.0,0.0,502.5336881826139,253.60551377361014,628.1671102282675,0.0
3.061864e6,225000.0,2.836864e6,0.0,0.0,0.0,-21.286566626896292,9.638667975968415,1.0,0.0,90.0,0.0,527.1643193643527,265.787879694493,658.9553992054408,0.0
3.101864e6,225000.0,2.876864e6,0.0,0.0,0.0,-21.19748609759327,9.690601808303779,1.0,0.0,90.0,0.0,551.8318874279174,278.00672304035476,689.7898592848968,0.0
3.141864e6,225000.0,2.916864e6,0.0,0.0,0.0,-21.1122851891804,9.662697987079623,1.0,0.0,90.0,0.0,576.5326986851256,290.2581224952164,720.6658733564069,0.0
3.181864e6,225000.0,2.956864e6,0.0,0.0,0.0,-21.027984579793703,9.623429932690499,1.0,0.0,90.0,0.0,601.2634288166132,302.53864719068423,751.5792860207666,0.0
3.221864e6,225000.0,2.996864e6,0.0,0.0,0.0,-20.942886420007305,9.58670669155488,1.0,0.0,90.0,0.0,626.0210859349519,314.84528360376555,782.5263574186897,0.0
3.261864e6,225000.0,3.036864e6,0.0,0.0,0.0,-20.858214271754694,9.541014607838694,1.0,0.0,90.0,0.0,650.8029773414567,327.1753756710858,813.5037216768209,0.0
3.301864e6,225000.0,3.076864e6,0.0,0.0,0.0,-20.76975672316748,9.574458042628658,1.0,0.0,90.0,0.0,675.606679607311,339.5265752630536,844.508349509139,0.0
3.3418639999999995e6,225000.0,3.1168639999999995e6,0.0,0.0,0.0,-20.68350623495914,9.575172295678493,1.0,0.0,90.0,0.0,700.43001164658,351.8968008728362,875.537514558225,0.0
3.381863999999999e6,225000.0,3.156863999999999e6,0.0,0.0,0.0,-20.596676128791543,9.586721256974123,1.0,0.0,90.0,0.0,725.2710104819221,364.2842028895057,906.5887631024026,0.0
3.421864e6,225000.0,3.196864e6,0.0,0.0,0.0,-20.51271611802332,9.536515296629934,1.0,0.0,90.0,0.0,750.12790943373,376.6871342013703,937.6598867921625,0.0
3.4618639999999995e6,225000.0,3.2368639999999995e6,0.0,0.0,0.0,-20.425992131332542,9.529969766046968,1.0,0.0,90.0,0.0,774.999118490357,389.10412515448473,968.7488981129463,0.0
3.501863999999999e6,225000.0,3.276863999999999e6,0.0,0.0,0.0,-20.3375572907617,9.563152942498846,1.0,0.0,90.0,0.0,799.8832066413213,401.5338621002744,999.8540083016519,0.0
3.541863999999999e6,225000.0,3.316863999999999e6,0.0,0.0,0.0,-20.24989037304784,9.579953396716805,1.0,0.0,90.0,0.0,824.7788859771892,413.9751689243805,1030.9736074714865,0.0
3.5818639999999995e6,225000.0,3.3568639999999995e6,0.0,0.0,0.0,-20.162156140077016,9.59960569297912,1.0,0.0,90.0,0.0,849.6849973794705,426.4269910697978,1062.1062467243382,0.0
3.621863999999999e6,225000.0,3.396863999999999e6,0.0,0.0,0.0,-20.075529659369426,9.583581547817232,1.0,0.0,90.0,0.0,874.6004976415234,438.8883816608255,1093.2506220519042,0.0
3.661863999999999e6,225000.0,3.436863999999999e6,0.0,0.0,0.0,-19.987396098040218,9.58479631350873,1.0,0.0,90.0,0.0,899.5244478773711,451.358489407188,1124.405559846714,0.0
3.701863999999999e6,225000.0,3.476863999999999e6,0.0,0.0,0.0,-19.901853793629595,9.558017070664683,1.0,0.0,90.0,0.0,924.4560030896341,463.83654802501593,1155.5700038620428,0.0
3.741863999999999e6,225000.0,3.516863999999999e6,0.0,0.0,0.0,-19.814825477031224,9.534678794293084,1.0,0.0,90.0,0.0,949.3944027806707,476.32186695686835,1186.7430034758386,0.0
3.7818639999999995e6,225000.0,3.5568639999999995e6,0.0,0.0,0.0,-19.724564238729137,9.583185345788948,1.0,0.0,90.0,0.0,974.3389625026036,488.81382320937496,1217.9237031282546,0.0
3.821863999999999e6,225000.0,3.596863999999999e6,0.0,0.0,0.0,-19.638813420383254,9.54386497862735,1.0,0.0,90.0,0.0,999.2890662523433,501.31185415644705,1249.1113328154295,0.0
3.861863999999999e6,225000.0,3.636863999999999e6,0.0,0.0,0.0,-19.55294097444727,9.518959753327637,1.0,0.0,90.0,0.0,1024.244159627109,513.8154511798693,1280.3051995338865,0.0
3.901863999999999e6,225000.0,3.676863999999999e6,0.0,0.0,0.0,-19.467403721146,9.487698491013793,1.0,0.0,90.0,0.0,1049.2037436643984,526.3241540386088,1311.5046795804979,0.0
3.941863999999999e6,225000.0,3.716863999999999e6,0.0,0.0,0.0,-19.378446183034598,9.520904505527193,1.0,0.0,90.0,0.0,1074.1673692979584,538.837545874273,1342.7092116224483,0.0
3.981863999999999e6,225000.0,3.756863999999999e6,0.0,0.0,0.0,-19.29259042453315,9.493941756077026,1.0,0.0,90.0,0.0,1099.1346323681628,551.3552487735006,1373.9182904602035,0.0
4.0218639999999995e6,225000.0,3.7968639999999995e6,0.0,0.0,0.0,-19.20790230940331,9.423083457254611,1.0,0.0,90.0,0.0,1124.1051691313464,563.8769198191885,1405.1314614141834,0.0
4.061863999999999e6,225000.0,3.836863999999999e6,0.0,0.0,0.0,-19.12066837115922,9.418789803002623,1.0,0.0,90.0,0.0,1149.0786522182118,576.4022475718089,1436.348315272765,0.0
4.101863999999999e6,225000.0,3.876863999999999e6,0.0,0.0,0.0,-19.033499048900623,9.418498708888015,1.0,0.0,90.0,0.0,1174.054786996391,588.9309489299458,1467.5684837454883,0.0
4.1418639999999995e6,225000.0,3.9168639999999995e6,0.0,0.0,0.0,-18.94509214674802,9.42556025389581,1.0,0.0,90.0,0.0,1199.0333082967518,601.4627663258499,1498.7916353709397,0.0
4.1818639999999995e6,225000.0,3.9568639999999995e6,0.0,0.0,0.0,-18.856940054922376,9.440643103680394,1.0,0.0,90.0,0.0,1224.0139774670765,613.9974652175036,1530.017471833846,0.0
4.221864e6,225000.0,3.996864e6,0.0,0.0,0.0,-18.76762230118029,9.482514290316878,1.0,0.0,90.0,0.0,1248.996579720369,626.5348318435401,1561.2457246504614,0.0
4.261864e6,225000.0,4.036864e6,0.0,0.0,0.0,-18.6818759025022,9.441007903147174,1.0,0.0,90.0,0.0,1273.9809217483323,639.0746712115362,1592.4761521854152,0.0
4.301864e6,225000.0,4.076864e6,0.0,0.0,0.0,-18.591733261343446,9.480506404473585,1.0,0.0,90.0,0.0,1298.9668295734991,651.6168052937979,1623.708536966874,0.0
4.341864e6,225000.0,4.1168639999999995e6,0.0,0.0,0.0,-18.50246439646728,9.504921731354608,1.0,0.0,90.0,0.0,1323.9541466161493,664.1610714078587,1654.9426832701865,0.0
4.381863999999999e6,225000.0,4.156863999999999e6,0.0,0.0,0.0,-18.414835487593916,9.502031628513704,1.0,0.0,90.0,0.0,1348.9427319545346,676.7073207616031,1686.1784149431683,0.0
4.421863999999999e6,225000.0,4.196863999999999e6,0.0,0.0,0.0,-18.328122145606187,9.47150484556487,1.0,0.0,90.0,0.0,1373.932458759081,689.2554171452939,1717.4155734488515,0.0
4.461863999999999e6,225000.0,4.236863999999999e6,0.0,0.0,0.0,-18.241831846081244,9.450500793044526,1.0,0.0,90.0,0.0,1398.923212883173,701.8052357547909,1748.6540161039663,0.0
4.501864e6,225000.0,4.276864e6,0.0,0.0,0.0,-18.155833999749714,9.415132826941695,1.0,0.0,90.0,0.0,1423.9148915948558,714.356662132079,1779.8936144935697,0.0
4.541863999999999e6,225000.0,4.316863999999999e6,0.0,0.0,0.0,-18.070637127104806,9.347278442721645,1.0,0.0,90.0,0.0,1448.9074024353704,726.909591210747,1811.1342530442132,0.0
4.581864e6,225000.0,4.356864e6,0.0,0.0,0.0,-17.98358485772768,9.34013532677053,1.0,0.0,90.0,0.0,1473.9006621918334,739.4639264554764,1842.3758277397924,0.0
4.621864e6,225000.0,4.396864e6,0.0,0.0,0.0,-17.896944041602232,9.299446774539494,1.0,0.0,90.0,0.0,1498.8945959726502,752.0195790857763,1873.6182449658124,0.0
4.661864e6,225000.0,4.436864e6,0.0,0.0,0.0,-17.80798560103839,9.29469515604752,1.0,0.0,90.0,0.0,1523.889136375385,764.5764673752869,1904.861420469232,0.0
4.701863999999999e6,225000.0,4.476863999999999e6,0.0,0.0,0.0,-17.720364524013434,9.263156978993365,1.0,0.0,90.0,0.0,1548.8842227378468,777.1345160189145,1936.1052784223086,0.0
4.741863999999998e6,225000.0,4.516863999999998e6,0.0,0.0,0.0,-17.63437123954814,9.211465068876368,1.0,0.0,90.0,0.0,1573.879800464062,789.693655560885,1967.3497505800776,0.0
4.781864e6,225000.0,4.556864e6,0.0,0.0,0.0,-17.550539825177005,9.116049781753661,1.0,0.0,90.0,0.0,1598.875820417656,802.2538218775577,1998.5947755220695,0.0
4.821864e6,225000.0,4.596864e6,0.0,0.0,0.0,-17.464969318056447,9.07198014645521,1.0,0.0,90.0,0.0,1623.8722383758904,814.8149557094732,2029.8402979698628,0.0
4.861863999999999e6,225000.0,4.636863999999999e6,0.0,0.0,0.0,-17.379182172225722,9.027251508814253,1.0,0.0,90.0,0.0,1648.8690145383016,827.3770022377163,2061.086268172877,0.0
4.901863999999999e6,225000.0,4.676863999999999e6,0.0,0.0,0.0,-17.29212124229228,9.00051545387691,1.0,0.0,90.0,0.0,1673.8661130844716,839.9399107001683,2092.332641355589,0.0
4.941864e6,225000.0,4.716864e6,0.0,0.0,0.0,-17.203059913260017,9.021364836346242,1.0,0.0,90.0,0.0,1698.8635017760246,852.5036340437003,2123.5793772200304,0.0
4.981864e6,225000.0,4.756864e6,0.0,0.0,0.0,-17.117289563042167,8.973088622929053,1.0,0.0,90.0,0.0,1723.8611515984223,865.0681286087562,2154.826439498028,0.0
5.021864e6,225000.0,4.796864e6,0.0,0.0,0.0,-17.03344680995096,8.879872599726717,1.0,0.0,90.0,0.0,1748.85903643858,877.6333538431506,2186.073795548225,0.0
5.061864e6,225000.0,4.836864e6,0.0,0.0,0.0,-16.9455036433655,8.864773129916335,1.0,0.0,90.0,0.0,1773.857132794722,890.1992720422182,2217.3214159934023,0.0
5.101863999999999e6,225000.0,4.876863999999999e6,0.0,0.0,0.0,-16.85755550212172,8.84008048787934,1.0,0.0,90.0,0.0,1798.8554195152499,902.7658481127585,2248.569274394062,0.0
5.141864e6,225000.0,4.916864e6,0.0,0.0,0.0,-16.768785352956186,8.835313314224772,1.0,0.0,90.0,0.0,1823.853877563725,915.3330493584693,2279.817346954656,0.0
5.181864e6,225000.0,4.956864e6,0.0,0.0,0.0,-16.681703994641406,8.79911323323124,1.0,0.0,90.0,0.0,1848.8524898073526,927.9008452847949,2311.0656122591913,0.0
5.221864e6,225000.0,4.996864e6,0.0,0.0,0.0,-16.594693871157627,8.763682012775824,1.0,0.0,90.0,0.0,1873.8512408266172,940.4692074213294,2342.3140510332714,0.0
5.261863999999999e6,225000.0,5.036863999999999e6,0.0,0.0,0.0,-16.509282815237885,8.693473302773153,1.0,0.0,90.0,0.0,1898.8501167439556,953.0381091600998,2373.562645929944,0.0
5.301864e6,225000.0,5.076864e6,0.0,0.0,0.0,-16.422612311802972,8.646407611907794,1.0,0.0,90.0,0.0,1923.84910506956,965.6075256082108,2404.81138133695,0.0
5.341864e6,225000.0,5.116864e6,0.0,0.0,0.0,-16.33767663205284,8.556436237986022,1.0,0.0,90.0,0.0,1948.848194562604,978.1774334535024,2436.060243203255,0.0
5.381863999999998e6,225000.0,5.156863999999998e6,0.0,0.0,0.0,-16.247878074900164,8.558232782122527,1.0,0.0,90.0,0.0,1973.8473751063436,990.7478108419888,2467.3092188829296,0.0
5.421863999999999e6,225000.0,5.196863999999999e6,0.0,0.0,0.0,-16.16598640553304,8.41534822716937,1.0,0.0,90.0,0.0,1998.8466375957094,1003.3186372659727,2498.5582969946367,0.0
5.461863999999999e6,225000.0,5.236863999999999e6,0.0,0.0,0.0,-16.0766083926165,8.42364662727136,1.0,0.0,90.0,0.0,2023.8459738361387,1015.8898934618429,2529.8074672951734,0.0
5.501863999999999e6,225000.0,5.276863999999999e6,0.0,0.0,0.0,-15.992283387420303,8.338695134292532,1.0,0.0,90.0,0.0,2048.8453764525248,1028.4615613166507,2561.0567205656557,0.0
5.541864e6,225000.0,5.316864e6,0.0,0.0,0.0,-15.898887782732299,8.409241333085443,1.0,0.0,90.0,0.0,2073.8448388072725,1041.0336237826598,2592.3060485090905,0.0
5.581864e6,225000.0,5.356864e6,0.0,0.0,0.0,-15.811371911726036,8.375610501542956,1.0,0.0,90.0,0.0,2098.8443549265453,1053.606064799129,2623.5554436581815,0.0
5.621863999999999e6,225000.0,5.396863999999999e6,0.0,0.0,0.0,-15.725878436558906,8.290344408858516,1.0,0.0,90.0,0.0,2123.8439194338907,1066.1788692206708,2654.8048992923636,0.0
5.661863999999999e6,225000.0,5.436863999999999e6,0.0,0.0,0.0,-15.635522970697842,8.302348920959432,1.0,0.0,90.0,0.0,2148.8435274905023,1078.7520227515877,2686.054409363127,0.0
5.701863999999999e6,225000.0,5.476863999999999e6,0.0,0.0,0.0,-15.54692094143081,8.280568558429401,1.0,0.0,90.0,0.0,2173.8431747414515,1091.3255118856375,2717.3039684268147,0.0
5.741864e6,225000.0,5.516864e6,0.0,0.0,0.0,-15.458120212847984,8.261915441086765,1.0,0.0,90.0,0.0,2198.842857267306,1103.8993238507485,2748.553571584133,0.0
5.781864e6,225000.0,5.556864e6,0.0,0.0,0.0,-15.367193031462438,8.27399335808695,1.0,0.0,90.0,0.0,2223.8425715405765,1116.4734465582314,2779.80321442572,0.0
5.821863999999999e6,225000.0,5.596863999999999e6,0.0,0.0,0.0,-15.279372789948178,8.231196536034204,1.0,0.0,90.0,0.0,2248.842314386519,1129.0478685560954,2811.0528929831485,0.0
5.861863999999999e6,225000.0,5.636863999999999e6,0.0,0.0,0.0,-15.191407717392634,8.195848859119348,1.0,0.0,90.0,0.0,2273.842082947867,1141.6225789860953,2842.3026036848337,0.0
5.901863999999998e6,225000.0,5.676863999999998e6,0.0,0.0,0.0,-15.102461999318493,8.174019196818458,1.0,0.0,90.0,0.0,2298.84187465308,1154.1975675441936,2873.55234331635,0.0
5.941863999999999e6,225000.0,5.716863999999999e6,0.0,0.0,0.0,-15.016742665920674,8.084215905972115,1.0,0.0,90.0,0.0,2323.841687187772,1166.7728244441219,2904.8021089847166,0.0
5.981863999999998e6,225000.0,5.756863999999998e6,0.0,0.0,0.0,-14.926748959195558,8.07777873683705,1.0,0.0,90.0,0.0,2348.8415184689957,1179.3483403837884,2936.051898086244,0.0
6.021863999999999e6,225000.0,5.796863999999999e6,0.0,0.0,0.0,-14.839435545004154,8.014730829609176,1.0,0.0,90.0,0.0,2373.841366622096,1191.9241065142742,2967.301708277619,0.0
6.061863999999999e6,225000.0,5.836863999999999e6,0.0,0.0,0.0,-14.747822263220355,8.041753764873983,1.0,0.0,90.0,0.0,2398.8412299598867,1204.500114411198,2998.5515374498577,0.0
6.101864e6,225000.0,5.876864e6,0.0,0.0,0.0,-14.656730176497932,8.068631183502292,1.0,0.0,90.0,0.0,2423.8411069638983,1217.076356048251,3029.801383704872,0.0
6.141864e6,225000.0,5.916864e6,0.0,0.0,0.0,-14.56684325346424,8.055124737591447,1.0,0.0,90.0,0.0,2448.8409962675078,1229.6528237727107,3061.051245334385,0.0
6.181863999999999e6,225000.0,5.956863999999999e6,0.0,0.0,0.0,-14.480964012722627,7.968092347120969,1.0,0.0,90.0,0.0,2473.840896640757,1242.2295102827748,3092.301120800947,0.0
6.221863999999999e6,225000.0,5.996863999999999e6,0.0,0.0,0.0,-14.394184483309692,7.914961790708845,1.0,0.0,90.0,0.0,2498.8408069766815,1254.8064086065554,3123.5510087208518,0.0
6.261863999999998e6,225000.0,6.036863999999998e6,0.0,0.0,0.0,-14.304470986756499,7.9090095886497735,1.0,0.0,90.0,0.0,2523.840726279014,1267.383512082603,3154.800907848768,0.0
6.301864e6,225000.0,6.076864e6,0.0,0.0,0.0,-14.21314727290133,7.927441575312639,1.0,0.0,90.0,0.0,2548.840653651112,1279.960814341824,3186.0508170638905,0.0
6.341863999999998e6,225000.0,6.116863999999998e6,0.0,0.0,0.0,-14.124468795864113,7.901791618472297,1.0,0.0,90.0,0.0,2573.840588286001,1292.5383092906898,3217.3007353575017,0.0
6.381863999999998e6,225000.0,6.156863999999998e6,0.0,0.0,0.0,-14.035954001886596,7.856556869946455,1.0,0.0,90.0,0.0,2598.840529457401,1305.1159910956242,3248.5506618217514,0.0
6.421863999999998e6,225000.0,6.196863999999998e6,0.0,0.0,0.0,-13.948881422624154,7.76729508933708,1.0,0.0,90.0,0.0,2623.840476511661,1317.6938541684706,3279.8005956395755,0.0
6.461863999999998e6,225000.0,6.236863999999998e6,0.0,0.0,0.0,-13.861935821615118,7.698470196286645,1.0,0.0,90.0,0.0,2648.8404288604947,1330.271893152971,3311.0505360756188,0.0
6.501863999999998e6,225000.0,6.276863999999998e6,0.0,0.0,0.0,-13.774414039244986,7.645317713332637,1.0,0.0,90.0,0.0,2673.8403859744453,1342.8501029121483,3342.300482468056,0.0
6.541863999999998e6,225000.0,6.316863999999998e6,0.0,0.0,0.0,-13.68546691995819,7.6128161682482665,1.0,0.0,90.0,0.0,2698.8403473770013,1355.4284785165498,3373.550434221251,0.0
6.581863999999998e6,225000.0,6.356863999999998e6,0.0,0.0,0.0,-13.59478194030327,7.600230524769765,1.0,0.0,90.0,0.0,2723.840312639301,1368.0070152332642,3404.800390799126,0.0
6.621863999999998e6,225000.0,6.396863999999998e6,0.0,0.0,0.0,-13.504546010671032,7.566842890765002,1.0,0.0,90.0,0.0,2748.840281375371,1380.585708515657,3436.050351719214,0.0
6.661863999999998e6,225000.0,6.436863999999998e6,0.0,0.0,0.0,-13.414842555273996,7.543987553843615,1.0,0.0,90.0,0.0,2773.840253237834,1393.1645539937804,3467.3003165472915,0.0
6.701863999999998e6,225000.0,6.476863999999998e6,0.0,0.0,0.0,-13.32552526986654,7.495821216573936,1.0,0.0,90.0,0.0,2798.840227914051,1405.7435474653885,3498.550284892564,0.0
6.741863999999998e6,225000.0,6.516863999999998e6,0.0,0.0,0.0,-13.235015837016492,7.4895062996217305,1.0,0.0,90.0,0.0,2823.840205122646,1418.3226848875286,3529.8002564033072,0.0
6.781863999999998e6,225000.0,6.556863999999998e6,0.0,0.0,0.0,-13.146453348162124,7.44312839237119,1.0,0.0,90.0,0.0,2848.840184610381,1430.9019623686513,3561.050230762976,0.0
6.821863999999998e6,225000.0,6.596863999999998e6,0.0,0.0,0.0,-13.061229004605186,7.3354913121950025,1.0,0.0,90.0,0.0,2873.8401661493435,1443.4813761612156,3592.3002076866796,0.0
6.861863999999998e6,225000.0,6.636863999999998e6,0.0,0.0,0.0,-12.972874888446814,7.265606072543939,1.0,0.0,90.0,0.0,2898.8401495344087,1456.0609226547397,3623.5501869180107,0.0
6.901863999999998e6,225000.0,6.676863999999998e6,0.0,0.0,0.0,-12.886177291022191,7.165146094540706,1.0,0.0,90.0,0.0,2923.8401345809684,1468.640598369274,3654.8001682262106,0.0
6.941863999999998e6,225000.0,6.716863999999998e6,0.0,0.0,0.0,-12.796204587736442,7.140443432163643,1.0,0.0,90.0,0.0,2948.8401211228716,1481.2203999492604,3686.0501514035886,0.0
6.981863999999998e6,225000.0,6.756863999999998e6,0.0,0.0,0.0,-12.708593899194204,7.0744964501494545,1.0,0.0,90.0,0.0,2973.8401090105845,1493.8003241577574,3717.3001362632303,0.0
7.021863999999998e6,225000.0,6.796863999999998e6,0.0,0.0,0.0,-12.618358755968275,7.046112050426126,1.0,0.0,90.0,0.0,2998.840098109526,1506.3803678709949,3748.5501226369074,0.0
7.061863999999998e6,225000.0,6.836863999999998e6,0.0,0.0,0.0,-12.527855868995655,7.022587588168627,1.0,0.0,90.0,0.0,3023.8400882985743,1518.9605280732471,3779.8001103732176,0.0
7.101863999999998e6,225000.0,6.876863999999998e6,0.0,0.0,0.0,-12.435140999483385,7.0366313775513625,1.0,0.0,90.0,0.0,3048.8400794687163,1531.540801851995,3811.0500993358955,0.0
7.141863999999998e6,225000.0,6.916863999999998e6,0.0,0.0,0.0,-12.342310440803576,7.040972417825876,1.0,0.0,90.0,0.0,3073.8400715218445,1544.1211863933556,3842.3000894023057,0.0
7.181863999999998e6,225000.0,6.956863999999998e6,0.0,0.0,0.0,-12.256312413875047,6.938423650185907,1.0,0.0,90.0,0.0,3098.840064369661,1556.70167897777,3873.5500804620756,0.0
7.221863999999998e6,225000.0,6.996863999999998e6,0.0,0.0,0.0,-12.16530985528105,6.924595381445703,1.0,0.0,90.0,0.0,3123.8400579326944,1569.2822769759266,3904.8000724158687,0.0
7.261863999999998e6,225000.0,7.036863999999998e6,0.0,0.0,0.0,-12.073900777945347,6.916253842422983,1.0,0.0,90.0,0.0,3148.8400521394256,1581.8629778449026,3936.0500651742814,0.0
7.301863999999998e6,225000.0,7.076863999999998e6,0.0,0.0,0.0,-11.985135815588169,6.857112098237456,1.0,0.0,90.0,0.0,3173.840046925483,1594.443779124508,3967.3000586568537,0.0
7.341863999999998e6,225000.0,7.116863999999998e6,0.0,0.0,0.0,-11.897469980239615,6.790249559971797,1.0,0.0,90.0,0.0,3198.8400422329346,1607.0246784338365,3998.55005279117,0.0
7.381863999999998e6,225000.0,7.156863999999998e6,0.0,0.0,0.0,-11.808483743620126,6.725066432075877,1.0,0.0,90.0,0.0,3223.840038009641,1619.6056734679782,4029.800047512051,0.0
7.421863999999998e6,225000.0,7.196863999999998e6,0.0,0.0,0.0,-11.720183771930017,6.63809560387191,1.0,0.0,90.0,0.0,3248.840034208677,1632.1867619949128,4061.050042760846,0.0
7.461864e6,225000.0,7.236864e6,0.0,0.0,0.0,-11.628807160608849,6.601568379080143,1.0,0.0,90.0,0.0,3273.8400307878096,1644.767941852563,4092.3000384847614,0.0
7.501863999999998e6,225000.0,7.276863999999998e6,0.0,0.0,0.0,-11.537505000117985,6.576658954597361,1.0,0.0,90.0,0.0,3298.8400277090286,1657.3492109459876,4123.550034636285,0.0
7.541863999999998e6,225000.0,7.316863999999998e6,0.0,0.0,0.0,-11.447182622088562,6.54409716274208,1.0,0.0,90.0,0.0,3323.840024938126,1669.9305672447222,4154.800031172658,0.0
7.581863999999998e6,225000.0,7.356863999999998e6,0.0,0.0,0.0,-11.355237323734533,6.5351025852176035,1.0,0.0,90.0,0.0,3348.8400224443135,1682.5120087802477,4186.0500280553915,0.0
7.621863999999998e6,225000.0,7.396863999999998e6,0.0,0.0,0.0,-11.263470672668046,6.52525795096276,1.0,0.0,90.0,0.0,3373.8400201998825,1695.0935336435814,4217.300025249853,0.0
7.661863999999998e6,225000.0,7.436863999999998e6,0.0,0.0,0.0,-11.175513943904175,6.432263546691895,1.0,0.0,90.0,0.0,3398.840018179894,1707.6751399829861,4248.550022724868,0.0
7.701863999999998e6,225000.0,7.476863999999998e6,0.0,0.0,0.0,-11.084690882483953,6.3863734619417745,1.0,0.0,90.0,0.0,3423.8400163619044,1720.2568260017908,4279.8000204523805,0.0
7.741863999999997e6,225000.0,7.516863999999997e6,0.0,0.0,0.0,-10.994063671630032,6.341545408520823,1.0,0.0,90.0,0.0,3448.8400147257144,1732.8385899563048,4311.050018407144,0.0
7.781863999999998e6,225000.0,7.556863999999998e6,0.0,0.0,0.0,-10.901197382175225,6.3314455296594705,1.0,0.0,90.0,0.0,3473.840013253143,1745.4204301538425,4342.300016566429,0.0
7.821863999999998e6,225000.0,7.596863999999998e6,0.0,0.0,0.0,-10.811062928753481,6.288109338480916,1.0,0.0,90.0,0.0,3498.8400119278285,1758.0023449508287,4373.550014909784,0.0
7.861863999999998e6,225000.0,7.636863999999998e6,0.0,0.0,0.0,-10.721147386676225,6.235618216236174,1.0,0.0,90.0,0.0,3523.8400107350462,1770.5843327509954,4404.800013418808,0.0
7.901863999999998e6,225000.0,7.676863999999998e6,0.0,0.0,0.0,-10.629450489144027,6.207185385477813,1.0,0.0,90.0,0.0,3548.840009661542,1783.1663920036601,4436.0500120769275,0.0
7.941863999999998e6,225000.0,7.716863999999998e6,0.0,0.0,0.0,-10.540826842880701,6.090087703935888,1.0,0.0,90.0,0.0,3573.8400086953875,1795.7485212020786,4467.300010869233,0.0
7.981863999999998e6,225000.0,7.756863999999998e6,0.0,0.0,0.0,-10.449618743434101,6.039304950830774,1.0,0.0,90.0,0.0,3598.840007825849,1808.3307188818765,4498.5500097823115,0.0
8.021863999999998e6,225000.0,7.796863999999998e6,0.0,0.0,0.0,-10.356378277181058,6.052590295753349,1.0,0.0,90.0,0.0,3623.840007043264,1820.9129836195418,4529.800008804081,0.0
8.061863999999998e6,225000.0,7.836863999999998e6,0.0,0.0,0.0,-10.263257536637601,6.033433205192344,1.0,0.0,90.0,0.0,3648.8400063389377,1833.495314030989,4561.050007923672,0.0
8.101863999999998e6,225000.0,7.876863999999998e6,0.0,0.0,0.0,-10.175200411490124,5.902496263177784,1.0,0.0,90.0,0.0,3673.840005705044,1846.0777087701858,4592.300007131305,0.0
8.141863999999998e6,225000.0,7.916863999999998e6,0.0,0.0,0.0,-10.083946485545239,5.838274410630115,1.0,0.0,90.0,0.0,3698.8400051345398,1858.6601665278308,4623.550006418174,0.0
8.181863999999998e6,225000.0,7.956863999999998e6,0.0,0.0,0.0,-9.995066777927605,5.736304013770693,1.0,0.0,90.0,0.0,3723.8400046210863,1871.2426860300984,4654.8000057763575,0.0
8.221863999999998e6,225000.0,7.996863999999998e6,0.0,0.0,0.0,-9.905332099218457,5.656119781554433,1.0,0.0,90.0,0.0,3748.8400041589775,1883.825266037427,4686.050005198721,0.0
8.261863999999998e6,225000.0,8.036863999999998e6,0.0,0.0,0.0,-9.813302112774176,5.606097000264942,1.0,0.0,90.0,0.0,3773.8400037430797,1896.40790534336,4717.30000467885,0.0
8.301863999999998e6,225000.0,8.076863999999998e6,0.0,0.0,0.0,-9.721927980939478,5.563906429586946,1.0,0.0,90.0,0.0,3798.8400033687717,1908.9906027734392,4748.550004210964,0.0
8.341863999999998e6,225000.0,8.116863999999998e6,0.0,0.0,0.0,-9.627733895147914,5.555238964318098,1.0,0.0,90.0,0.0,3823.8400030318944,1921.573357184137,4779.800003789867,0.0
8.381863999999998e6,225000.0,8.156863999999998e6,0.0,0.0,0.0,-9.536168779743079,5.516102067967771,1.0,0.0,90.0,0.0,3848.8400027287053,1934.1561674618356,4811.050003410881,0.0
8.421863999999998e6,225000.0,8.196863999999998e6,0.0,0.0,0.0,-9.44481292138285,5.447059806306077,1.0,0.0,90.0,0.0,3873.8400024558346,1946.7390325218464,4842.300003069793,0.0
8.461863999999998e6,225000.0,8.236863999999998e6,0.0,0.0,0.0,-9.35532503400356,5.33825893645664,1.0,0.0,90.0,0.0,3898.8400022102514,1959.3219513074685,4873.550002762814,0.0
8.501863999999998e6,225000.0,8.276863999999998e6,0.0,0.0,0.0,-9.262513955971869,5.3097428667377295,1.0,0.0,90.0,0.0,3923.840001989227,1971.9049227890841,4904.800002486533,0.0
8.541863999999998e6,225000.0,8.316863999999998e6,0.0,0.0,0.0,-9.169891675113023,5.283301457661756,1.0,0.0,90.0,0.0,3948.8400017903036,1984.487945963289,4936.050002237879,0.0
8.581863999999996e6,225000.0,8.356863999999997e6,0.0,0.0,0.0,-9.078419897519334,5.221576868270295,1.0,0.0,90.0,0.0,3973.8400016112732,1997.0710198520558,4967.300002014093,0.0
8.621863999999998e6,225000.0,8.396863999999998e6,0.0,0.0,0.0,-8.985712156498732,5.177346282855987,1.0,0.0,90.0,0.0,3998.8400014501462,2009.6541435019392,4998.550001812684,0.0
8.661863999999998e6,225000.0,8.436863999999998e6,0.0,0.0,0.0,-8.894531558365925,5.0950515652369495,1.0,0.0,90.0,0.0,4023.840001305132,2022.2373159832923,5029.800001631414,0.0
8.701863999999998e6,225000.0,8.476863999999998e6,0.0,0.0,0.0,-8.800487032339978,5.079918227583407,1.0,0.0,90.0,0.0,4048.8400011746185,2034.8205363895302,5061.050001468273,0.0
8.741863999999998e6,225000.0,8.516863999999998e6,0.0,0.0,0.0,-8.706656145402237,5.067331661336461,1.0,0.0,90.0,0.0,4073.840001057157,2047.403803836415,5092.300001321447,0.0
8.781863999999998e6,225000.0,8.556863999999998e6,0.0,0.0,0.0,-8.613345967846747,5.024208613404612,1.0,0.0,90.0,0.0,4098.840000951441,2059.9871174613677,5123.550001189301,0.0
8.821863999999996e6,225000.0,8.596863999999996e6,0.0,0.0,0.0,-8.518032867484662,5.020759279413263,1.0,0.0,90.0,0.0,4123.840000856297,2072.5704764228026,5154.800001070372,0.0
8.861863999999996e6,225000.0,8.636863999999996e6,0.0,0.0,0.0,-8.425240588056269,4.956128911503648,1.0,0.0,90.0,0.0,4148.840000770668,2085.1538798994957,5186.050000963336,0.0
8.901863999999996e6,225000.0,8.676863999999996e6,0.0,0.0,0.0,-8.332210964859208,4.897973889182286,1.0,0.0,90.0,0.0,4173.840000693601,2097.7373270899616,5217.3000008670015,0.0
8.941863999999996e6,225000.0,8.716863999999996e6,0.0,0.0,0.0,-8.239588573658692,4.83881416383025,1.0,0.0,90.0,0.0,4198.84000062424,2110.320817211868,5248.5500007803,0.0
8.981863999999996e6,225000.0,8.756863999999996e6,0.0,0.0,0.0,-8.144399668105542,4.823149670593131,1.0,0.0,90.0,0.0,4223.840000561817,2122.904349501464,5279.800000702271,0.0
9.021863999999998e6,225000.0,8.796863999999998e6,0.0,0.0,0.0,-8.048188012950634,4.8231144676774305,1.0,0.0,90.0,0.0,4248.8400005056355,2135.4879232130243,5311.050000632044,0.0
9.061863999999996e6,225000.0,8.836863999999996e6,0.0,0.0,0.0,-7.954645516434111,4.78675962523442,1.0,0.0,90.0,0.0,4273.840000455072,2148.071537618327,5342.30000056884,0.0
9.101863999999996e6,225000.0,8.876863999999996e6,0.0,0.0,0.0,-7.860730576753175,4.729209667304013,1.0,0.0,90.0,0.0,4298.840000409564,2160.6551920061333,5373.550000511957,0.0
9.141863999999996e6,225000.0,8.916863999999996e6,0.0,0.0,0.0,-7.765028410970454,4.708910937076212,1.0,0.0,90.0,0.0,4323.840000368608,2173.2388856817,5404.800000460761,0.0
9.181863999999998e6,225000.0,8.956863999999998e6,0.0,0.0,0.0,-7.676332253057053,4.549149591003643,1.0,0.0,90.0,0.0,4348.840000331748,2185.8226179663,5436.050000414684,0.0
9.221863999999996e6,225000.0,8.996863999999996e6,0.0,0.0,0.0,-7.582247525392282,4.504966720921746,1.0,0.0,90.0,0.0,4373.840000298573,2198.40638819676,5467.300000373215,0.0
9.261863999999996e6,225000.0,9.036863999999996e6,0.0,0.0,0.0,-7.48717016217364,4.465178834278909,1.0,0.0,90.0,0.0,4398.840000268717,2210.9901957250217,5498.550000335893,0.0
9.301863999999998e6,225000.0,9.076863999999998e6,0.0,0.0,0.0,-7.391950522201357,4.432217572022614,1.0,0.0,90.0,0.0,4423.840000241844,2223.5740399177075,5529.800000302305,0.0
9.341863999999996e6,225000.0,9.116863999999996e6,0.0,0.0,0.0,-7.298064671621469,4.35887124582149,1.0,0.0,90.0,0.0,4448.8400002176595,2236.1579201557097,5561.050000272075,0.0
9.381863999999996e6,225000.0,9.156863999999996e6,0.0,0.0,0.0,-7.202746166456433,4.333206401882858,1.0,0.0,90.0,0.0,4473.840000195894,2248.7418358337886,5592.300000244867,0.0
9.421863999999998e6,225000.0,9.196863999999998e6,0.0,0.0,0.0,-7.10676903207034,4.311581743286183,1.0,0.0,90.0,0.0,4498.840000176304,2261.3257863601852,5623.550000220383,0.0
9.461863999999996e6,225000.0,9.236863999999996e6,0.0,0.0,0.0,-7.011733527576529,4.252034570212999,1.0,0.0,90.0,0.0,4523.840000158673,2273.9097711562476,5654.800000198343,0.0
9.501863999999996e6,225000.0,9.276863999999996e6,0.0,0.0,0.0,-6.920452487281806,4.133931852768073,1.0,0.0,90.0,0.0,4548.840000142806,2286.4937896560714,5686.050000178507,0.0
9.541863999999996e6,225000.0,9.316863999999996e6,0.0,0.0,0.0,-6.825827700650852,4.074747247978587,1.0,0.0,90.0,0.0,4573.840000128526,2299.077841306146,5717.300000160658,0.0
9.581863999999996e6,225000.0,9.356863999999996e6,0.0,0.0,0.0,-6.729550120439794,4.053243621779707,1.0,0.0,90.0,0.0,4598.840000115673,2311.661925565022,5748.550000144592,0.0
9.621863999999996e6,225000.0,9.396863999999996e6,0.0,0.0,0.0,-6.6345570654362005,4.0102373147352255,1.0,0.0,90.0,0.0,4623.840000104107,2324.24604190298,5779.800000130133,0.0
9.661863999999996e6,225000.0,9.436863999999996e6,0.0,0.0,0.0,-6.541718106052161,3.907066784529104,1.0,0.0,90.0,0.0,4648.840000093695,2336.830189801712,5811.050000117118,0.0
9.701863999999998e6,225000.0,9.476863999999998e6,0.0,0.0,0.0,-6.443782671147976,3.906361590821501,1.0,0.0,90.0,0.0,4673.840000084326,2349.4143687540272,5842.300000105407,0.0
9.741863999999996e6,225000.0,9.516863999999996e6,0.0,0.0,0.0,-6.347933177431273,3.8699511964562157,1.0,0.0,90.0,0.0,4698.840000075894,2361.9985782635367,5873.550000094866,0.0
9.781863999999996e6,225000.0,9.556863999999996e6,0.0,0.0,0.0,-6.248978620009831,3.8807302614660713,1.0,0.0,90.0,0.0,4723.840000068305,2374.582817844385,5904.80000008538,0.0
9.821863999999996e6,225000.0,9.596863999999996e6,0.0,0.0,0.0,-6.153661320479371,3.823462602583065,1.0,0.0,90.0,0.0,4748.840000061473,2387.167087020961,5936.050000076841,0.0
9.861863999999996e6,225000.0,9.636863999999996e6,0.0,0.0,0.0,-6.057654329218896,3.7724255424401845,1.0,0.0,90.0,0.0,4773.8400000553265,2399.7513853276328,5967.300000069159,0.0
9.901863999999996e6,225000.0,9.676863999999996e6,0.0,0.0,0.0,-5.962231804578402,3.70330769117703,1.0,0.0,90.0,0.0,4798.840000049794,2412.3357123084866,5998.550000062241,0.0
9.941863999999996e6,225000.0,9.716863999999996e6,0.0,0.0,0.0,-5.8684055475519825,3.613870473687775,1.0,0.0,90.0,0.0,4823.840000044815,2424.9200675170746,6029.800000056018,0.0
9.981863999999996e6,225000.0,9.756863999999996e6,0.0,0.0,0.0,-5.773986455679858,3.5186950799941727,1.0,0.0,90.0,0.0,4848.840000040333,2437.5044505161695,6061.050000050417,0.0
1.0021863999999996e7,225000.0,9.796863999999996e6,0.0,0.0,0.0,-5.675913360689166,3.484863290302535,1.0,0.0,90.0,0.0,4873.840000036299,2450.08886087753,6092.300000045374,0.0
1.0061863999999996e7,225000.0,9.836863999999996e6,0.0,0.0,0.0,-5.579998299622518,3.4053912843376155,1.0,0.0,90.0,0.0,4898.84000003267,2462.673298181665,6123.550000040838,0.0
1.0101863999999996e7,225000.0,9.876863999999996e6,0.0,0.0,0.0,-5.481346475451665,3.3912157770060283,1.0,0.0,90.0,0.0,4923.840000029403,2475.2577620176216,6154.800000036754,0.0
1.0141863999999998e7,225000.0,9.916863999999998e6,0.0,0.0,0.0,-5.383403550657785,3.362589878006169,1.0,0.0,90.0,0.0,4948.840000026463,2487.842251982758,6186.0500000330785,0.0
1.0181863999999998e7,225000.0,9.956863999999998e6,0.0,0.0,0.0,-5.2870496217024785,3.2966652281058075,1.0,0.0,90.0,0.0,4973.840000023816,2500.4267676825407,6217.30000002977,0.0
1.0221863999999998e7,225000.0,9.996863999999998e6,0.0,0.0,0.0,-5.187770201839403,3.2874336411626404,1.0,0.0,90.0,0.0,4998.840000021435,2513.0113087303384,6248.550000026793,0.0
1.0261863999999998e7,225000.0,1.0036863999999998e7,0.0,0.0,0.0,-5.08915989952232,3.232686244887476,1.0,0.0,90.0,0.0,5023.840000019291,2525.5958747472287,6279.800000024115,0.0
1.0301863999999996e7,225000.0,1.0076863999999996e7,0.0,0.0,0.0,-4.9924889968614785,3.1659271973791943,1.0,0.0,90.0,0.0,5048.840000017362,2538.1804653618033,6311.050000021703,0.0
1.0341863999999996e7,225000.0,1.0116863999999996e7,0.0,0.0,0.0,-4.8947064529529785,3.116856467779252,1.0,0.0,90.0,0.0,5073.840000015627,2550.765080209982,6342.300000019533,0.0
1.0381863999999998e7,225000.0,1.0156863999999998e7,0.0,0.0,0.0,-4.7958626665366015,3.0791173230123006,1.0,0.0,90.0,0.0,5098.840000014064,2563.3497189348354,6373.55000001758,0.0
1.0421863999999996e7,225000.0,1.0196863999999996e7,0.0,0.0,0.0,-4.6973523065449845,3.0321087058518006,1.0,0.0,90.0,0.0,5123.840000012658,2575.934381186412,6404.800000015824,0.0
1.0461863999999996e7,225000.0,1.0236863999999996e7,0.0,0.0,0.0,-4.598803203497829,2.983799611868656,1.0,0.0,90.0,0.0,5148.840000011392,2588.519066621561,6436.05000001424,0.0
1.0501863999999996e7,225000.0,1.0276863999999996e7,0.0,0.0,0.0,-4.498686316287818,2.9614131272257995,1.0,0.0,90.0,0.0,5173.840000010252,2601.1037749037773,6467.300000012815,0.0
1.0541863999999996e7,225000.0,1.0316863999999996e7,0.0,0.0,0.0,-4.3987124438346275,2.937073455862045,1.0,0.0,90.0,0.0,5198.840000009228,2613.6885057030354,6498.550000011534,0.0
1.0581863999999996e7,225000.0,1.0356863999999996e7,0.0,0.0,0.0,-4.296492248034064,2.9466762781456817,1.0,0.0,90.0,0.0,5223.840000008306,2626.273258695632,6529.800000010382,0.0
1.0621863999999996e7,225000.0,1.0396863999999996e7,0.0,0.0,0.0,-4.198493969528715,2.8736004679149687,1.0,0.0,90.0,0.0,5248.840000007474,2638.858033564045,6561.050000009344,0.0
1.0661863999999996e7,225000.0,1.0436863999999996e7,0.0,0.0,0.0,-4.098117928375441,2.8468890465334944,1.0,0.0,90.0,0.0,5273.840000006727,2651.4428299967735,6592.300000008408,0.0
1.0701863999999996e7,225000.0,1.0476863999999996e7,0.0,0.0,0.0,-3.9996544371089686,2.770270197581374,1.0,0.0,90.0,0.0,5298.840000006054,2664.027647688209,6623.550000007567,0.0
1.0741863999999996e7,225000.0,1.0516863999999996e7,0.0,0.0,0.0,-3.8987116667892043,2.7431260426715185,1.0,0.0,90.0,0.0,5323.840000005449,2676.612486338485,6654.8000000068105,0.0
1.0781863999999996e7,225000.0,1.0556863999999996e7,0.0,0.0,0.0,-3.79688148879044,2.731216620240479,1.0,0.0,90.0,0.0,5348.840000004904,2689.197345653353,6686.05000000613,0.0
1.0821863999999996e7,225000.0,1.0596863999999996e7,0.0,0.0,0.0,-3.696405076493707,2.6853816013099157,1.0,0.0,90.0,0.0,5373.840000004415,2701.7822253440404,6717.300000005517,0.0
1.0861863999999996e7,225000.0,1.0636863999999996e7,0.0,0.0,0.0,-3.5960827782369096,2.631163347586073,1.0,0.0,90.0,0.0,5398.840000003973,2714.3671251271385,6748.550000004966,0.0
1.0901863999999998e7,225000.0,1.0676863999999998e7,0.0,0.0,0.0,-3.495882701427178,2.548625455557022,1.0,0.0,90.0,0.0,5423.840000003576,2726.952044724463,6779.80000000447,0.0
1.0941863999999996e7,225000.0,1.0716863999999996e7,0.0,0.0,0.0,-3.3961026172637285,2.4662174424677894,1.0,0.0,90.0,0.0,5448.840000003218,2739.5369838629445,6811.050000004023,0.0
1.0981863999999998e7,225000.0,1.0756863999999998e7,0.0,0.0,0.0,-3.2960521177345306,2.38937224630663,1.0,0.0,90.0,0.0,5473.840000002896,2752.121942274504,6842.300000003621,0.0
1.1021863999999998e7,225000.0,1.0796863999999998e7,0.0,0.0,0.0,-3.1948359756379765,2.324581088247628,1.0,0.0,90.0,0.0,5498.840000002607,2764.7069196959505,6873.55000000326,0.0
1.1061863999999998e7,225000.0,1.0836863999999998e7,0.0,0.0,0.0,-3.0911906949289327,2.310119946040123,1.0,0.0,90.0,0.0,5523.840000002347,2777.291915868856,6904.800000002932,0.0
1.1101863999999998e7,225000.0,1.0876863999999998e7,0.0,0.0,0.0,-2.9882849823806614,2.274615462946464,1.0,0.0,90.0,0.0,5548.840000002112,2789.876930539461,6936.05000000264,0.0
1.1141863999999996e7,225000.0,1.0916863999999996e7,0.0,0.0,0.0,-2.8874745084359086,2.1763638855937395,1.0,0.0,90.0,0.0,5573.840000001901,2802.4619634585592,6967.300000002376,0.0
1.1181864e7,225000.0,1.0956864e7,0.0,0.0,0.0,-2.7858027059129187,2.0834327097976386,1.0,0.0,90.0,0.0,5598.840000001711,2815.0470143814055,6998.550000002138,0.0
1.1221863999999998e7,225000.0,1.0996863999999998e7,0.0,0.0,0.0,-2.681302651659683,2.056761891580876,1.0,0.0,90.0,0.0,5623.840000001541,2827.632083067606,7029.800000001926,0.0
1.1261863999999996e7,225000.0,1.1036863999999996e7,0.0,0.0,0.0,-2.5794743317658924,1.9745784374457978,1.0,0.0,90.0,0.0,5648.840000001386,2840.2171692810325,7061.050000001732,0.0
1.1301864e7,225000.0,1.1076864e7,0.0,0.0,0.0,-2.474215669015895,1.9510358598416582,1.0,0.0,90.0,0.0,5673.840000001248,2852.802272789721,7092.30000000156,0.0
1.1341863999999996e7,225000.0,1.1116863999999996e7,0.0,0.0,0.0,-2.3683815875641194,1.9337391364393677,1.0,0.0,90.0,0.0,5698.840000001123,2865.3873933657815,7123.5500000014035,0.0
1.1381863999999998e7,225000.0,1.1156863999999998e7,0.0,0.0,0.0,-2.26588950674553,1.8463264477269055,1.0,0.0,90.0,0.0,5723.8400000010115,2877.9725307853114,7154.800000001262,0.0
1.1421863999999996e7,225000.0,1.1196863999999996e7,0.0,0.0,0.0,-2.1602988225620012,1.807746061355743,1.0,0.0,90.0,0.0,5748.840000000911,2890.557684828307,7186.050000001136,0.0
1.1461863999999996e7,225000.0,1.1236863999999996e7,0.0,0.0,0.0,-2.057362468924883,1.702043899157612,1.0,0.0,90.0,0.0,5773.840000000819,2903.1428552785796,7217.300000001025,0.0
1.1501863999999998e7,225000.0,1.1276863999999998e7,0.0,0.0,0.0,-1.9509940073049452,1.6677478954518208,1.0,0.0,90.0,0.0,5798.840000000738,2915.7280419236718,7248.550000000922,0.0
1.1541863999999996e7,225000.0,1.1316863999999996e7,0.0,0.0,0.0,-1.8452783499779548,1.6062442049033774,1.0,0.0,90.0,0.0,5823.840000000663,2928.3132445547794,7279.800000000829,0.0
1.1581863999999996e7,225000.0,1.1356863999999996e7,0.0,0.0,0.0,-1.7397528192534712,1.5369184011227173,1.0,0.0,90.0,0.0,5848.840000000598,2940.898462966671,7311.050000000748,0.0
1.1621863999999996e7,225000.0,1.1396863999999996e7,0.0,0.0,0.0,-1.635434782876206,1.4250413509924325,1.0,0.0,90.0,0.0,5873.840000000539,2953.483696957613,7342.3000000006705,0.0
1.1661863999999996e7,225000.0,1.1436863999999996e7,0.0,0.0,0.0,-1.5298813018461268,1.3404990948966047,1.0,0.0,90.0,0.0,5898.840000000484,2966.068946329298,7373.550000000605,0.0
1.1701863999999998e7,225000.0,1.1476863999999998e7,0.0,0.0,0.0,-1.4232889598923788,1.2492052862906808,1.0,0.0,90.0,0.0,5923.840000000436,2978.654210886767,7404.800000000542,0.0
1.1741863999999998e7,225000.0,1.1516863999999998e7,0.0,0.0,0.0,-1.3166602218614134,1.14629845242009,1.0,0.0,90.0,0.0,5948.840000000392,2991.239490438343,7436.05000000049,0.0
1.1781835936788887e7,225000.0,1.1556835936788887e7,0.0,0.0,0.0,-1.2093559440007848,1.0399235660698884,1.0,0.0,90.0,0.0,5973.840000000354,3003.8247847955613,7467.30000000044,0.0
1.1821738637709836e7,225000.0,1.1596738637709836e7,0.0,0.0,0.0,-1.1026836819714052,0.908508823394625,1.0,0.0,90.0,0.0,5998.82070654268,3016.3987125719777,7498.52588317835,0.0
1.1861507726503735e7,225000.0,1.1636507726503735e7,0.0,0.0,0.0,-0.9963285815976093,0.7859602412474088,1.0,0.0,90.0,0.0,6023.752234870175,3028.944308071174,7529.69029358772,0.0
1.1900878273100715e7,225000.0,1.1675878273100715e7,0.0,0.0,0.0,-0.890407451897007,0.6881519318346667,1.0,0.0,90.0,0.0,6048.586589642693,3041.4366614667815,7560.733237053368,0.0
1.1938832465370338e7,225000.0,1.1713832465370338e7,0.0,0.0,0.0,-0.791164675517079,0.5657124722073215,1.0,0.0,90.0,0.0,6073.134647276815,3053.778066172956,7591.418309096019,0.0
1.1974985761817422e7,225000.0,1.1749985761817422e7,0.0,0.0,0.0,-0.7141023735135973,0.4838424555583295,1.0,0.0,90.0,0.0,6096.675473872088,3065.5946530545248,7620.8443423401095,0.0
1.2010015030980686e7,225000.0,1.1785015030980686e7,0.0,0.0,0.0,-0.6663803745604356,0.4523617596250965,1.0,0.0,90.0,0.0,6118.868375963542,3076.7015200952706,7648.585469954428,0.0
1.2044403203524679e7,225000.0,1.1819403203524679e7,0.0,0.0,0.0,-0.6374926686277874,0.4388458112538747,1.0,0.0,90.0,0.0,6140.08838114411,3087.341009608479,7675.110476430138,0.0
1.2078393149080945e7,225000.0,1.1853393149080945e7,0.0,0.0,0.0,-0.6194079528860852,0.43344875867075683,1.0,0.0,90.0,0.0,6160.624290526279,3097.6480961466964,7700.780363157849,0.0
1.2112039412781907e7,225000.0,1.1887039412781907e7,0.0,0.0,0.0,-0.6084468512318048,0.4200495366534092,1.0,0.0,90.0,0.0,6180.63134948417,3107.6899714836054,7725.789186855213,0.0
1.214564319993561e7,225000.0,1.192064319993561e7,0.0,0.0,0.0,-0.602805417325507,0.4274509121568834,1.0,0.0,90.0,0.0,6200.150164465283,3117.495868307637,7750.187705581601,0.0
1.2179152062283285e7,225000.0,1.1954152062283285e7,0.0,0.0,0.0,-0.5981214180558944,0.42730355868969205,1.0,0.0,90.0,0.0,6219.393678284662,3127.134840369777,7774.242097855829,0.0
1.2212588959014077e7,225000.0,1.1987588959014077e7,0.0,0.0,0.0,-0.5951161861024149,0.426023800799217,1.0,0.0,90.0,0.0,6238.3480533121765,3136.66568627177,7797.935066640221,0.0
1.2246010928674487e7,225000.0,1.2021010928674487e7,0.0,0.0,0.0,-0.5932679637893545,0.4280419093086224,1.0,0.0,90.0,0.0,6257.046122268789,3146.0989748178686,7821.307652835987,0.0
1.2279360488304337e7,225000.0,1.2054360488304337e7,0.0,0.0,0.0,-0.5918841865650022,0.4231175831648345,1.0,0.0,90.0,0.0,6275.543734060204,3155.450629146452,7844.429667575253,0.0
1.2312711708806472e7,225000.0,1.2087711708806472e7,0.0,0.0,0.0,-0.5915498845945173,0.42434531862576075,1.0,0.0,90.0,0.0,6293.819548984016,3164.7220924351395,7867.274436230019,0.0
1.2346097375292065e7,225000.0,1.2121097375292065e7,0.0,0.0,0.0,-0.5910980130917919,0.4289733571996333,1.0,0.0,90.0,0.0,6311.937619218875,3173.923747899454,7889.922024023594,0.0
1.2379543895711303e7,225000.0,1.2154543895711303e7,0.0,0.0,0.0,-0.5899378857747115,0.43764072096129686,1.0,0.0,90.0,0.0,6329.936466606641,3183.0967123668815,7912.4205832583,0.0
1.2412848155890226e7,225000.0,1.2187848155890226e7,0.0,0.0,0.0,-0.5883456634282176,0.42577363007402597,1.0,0.0,90.0,0.0,6347.850474645711,3192.2508403697743,7934.813093307137,0.0
1.2446155367393024e7,225000.0,1.2221155367393024e7,0.0,0.0,0.0,-0.5888668209127867,0.4250196238448451,1.0,0.0,90.0,0.0,6365.5560930180645,3201.3037092308305,7956.94511627258,0.0
1.247938502109194e7,225000.0,1.225438502109194e7,0.0,0.0,0.0,-0.5895866891381047,0.41538666619791487,1.0,0.0,90.0,0.0,6383.156211110712,3210.340738108052,7978.945263888389,0.0
1.2512681707410445e7,225000.0,1.2287681707410445e7,0.0,0.0,0.0,-0.5912903391127238,0.41876153928891424,1.0,0.0,90.0,0.0,6400.606397841772,3219.32795243602,8000.757997302213,0.0
1.2546018622537736e7,225000.0,1.2321018622537736e7,0.0,0.0,0.0,-0.5918237730626043,0.42212411758051055,1.0,0.0,90.0,0.0,6418.011357538058,3228.333589971248,8022.514196922573,0.0
1.257935880125622e7,225000.0,1.235435880125622e7,0.0,0.0,0.0,-0.5917761982983644,0.422279185413821,1.0,0.0,90.0,0.0,6435.365564360572,3237.321694081764,8044.2069554507125,0.0
1.261268540725299e7,225000.0,1.238768540725299e7,0.0,0.0,0.0,-0.5916822901585815,0.4212273256592708,1.0,0.0,90.0,0.0,6452.65370861069,3246.30094683523,8065.81713576336,0.0
1.2646004611322192e7,225000.0,1.2421004611322192e7,0.0,0.0,0.0,-0.5918364295152738,0.4200156045172139,1.0,0.0,90.0,0.0,6469.871229529428,3255.263083613458,8087.339036911784,0.0
1.2679296120284228e7,225000.0,1.2454296120284228e7,0.0,0.0,0.0,-0.592183389483729,0.41633191128959435,1.0,0.0,90.0,0.0,6487.027735280687,3264.23168924408,8108.784669100856,0.0
